city,state,year,total_pop,male_pop,female_pop,age_under_20,age_20-29,age_30-39,age_40-49,age_50-59,age_above_60,city_state
Anchorage,AK,2010,293227,148566,144661,28.8,17.1,13.1,14.9,14.1,12.000000000000002,"Anchorage, AK"
Anchorage,AK,2011,295570,148299,147271,28.0,17.700000000000006,13.8,14.0,14.0,12.7,"Anchorage, AK"
Anchorage,AK,2012,298610,151752,146858,27.8,17.5,13.5,13.9,13.8,13.499999999999998,"Anchorage, AK"
Anchorage,AK,2013,300950,153776,147174,27.8,18.4,14.6,11.9,14.4,12.8,"Anchorage, AK"
Anchorage,AK,2014,301010,153176,147834,27.6,18.2,14.7,12.1,13.8,13.6,"Anchorage, AK"
Anchorage,AK,2015,298695,152945,145750,27.0,18.9,14.7,11.9,13.0,14.5,"Anchorage, AK"
Anchorage,AK,2016,298192,152882,145310,27.2,17.3,15.7,11.7,12.8,15.3,"Anchorage, AK"
Anchorage,AK,2017,294356,149386,144970,27.1,16.6,16.3,11.3,12.5,16.2,"Anchorage, AK"
Anchorage,AK,2018,291538,148668,142870,27.1,16.0,15.0,12.2,13.0,16.6,"Anchorage, AK"
Chandler,AZ,2010,236775,116459,120316,31.0,12.8,15.0,17.1,12.6,11.8,"Chandler, AZ"
Chandler,AZ,2011,240098,119460,120638,30.0,14.9,15.2,16.1,11.7,12.2,"Chandler, AZ"
Chandler,AZ,2012,245642,122484,123158,29.000000000000004,14.6,15.4,15.1,12.1,13.9,"Chandler, AZ"
Chandler,AZ,2013,249139,120608,128531,30.1,14.3,14.4,15.0,12.9,13.2,"Chandler, AZ"
Chandler,AZ,2014,254275,126999,127276,28.9,13.7,15.6,15.1,12.4,14.200000000000005,"Chandler, AZ"
Chandler,AZ,2015,260833,128885,131948,28.0,13.9,14.4,14.3,14.1,15.199999999999998,"Chandler, AZ"
Chandler,AZ,2016,247459,123184,124275,27.4,13.6,16.6,13.7,12.7,16.0,"Chandler, AZ"
Chandler,AZ,2017,253448,125874,127574,27.7,12.2,14.1,14.7,14.6,16.7,"Chandler, AZ"
Chandler,AZ,2018,257153,126583,130570,27.0,12.8,15.3,14.6,13.3,17.2,"Chandler, AZ"
Gilbert,AZ,2010,209007,103460,105547,32.0,13.4,16.8,16.4,12.2,9.099999999999998,"Gilbert, AZ"
Gilbert,AZ,2011,211964,105466,106498,36.90000000000001,11.1,15.9,16.1,10.7,9.3,"Gilbert, AZ"
Gilbert,AZ,2012,221136,107354,113782,34.2,11.6,15.3,15.9,10.9,12.3,"Gilbert, AZ"
Gilbert,AZ,2013,229989,116912,113077,34.1,10.8,16.5,15.7,11.6,11.4,"Gilbert, AZ"
Gilbert,AZ,2014,239282,118543,120739,35.8,10.2,16.799999999999994,14.9,11.9,10.6,"Gilbert, AZ"
Gilbert,AZ,2015,247523,116711,130812,33.5,12.1,13.9,16.5,11.5,12.4,"Gilbert, AZ"
Gilbert,AZ,2016,237120,115040,122080,34.1,11.2,15.9,15.3,10.4,13.2,"Gilbert, AZ"
Gilbert,AZ,2017,242362,118931,123431,32.2,10.9,16.1,15.2,12.1,13.5,"Gilbert, AZ"
Gilbert,AZ,2018,248269,120840,127429,33.0,10.3,14.2,16.0,11.2,15.4,"Gilbert, AZ"
Glendale,AZ,2010,227358,112794,114564,31.5,16.4,13.0,13.0,13.0,13.2,"Glendale, AZ"
Glendale,AZ,2011,230466,115974,114492,28.8,17.5,13.3,13.9,12.9,13.6,"Glendale, AZ"
Glendale,AZ,2012,232118,114099,118019,29.3,15.9,12.9,13.7,13.6,14.7,"Glendale, AZ"
Glendale,AZ,2013,234618,118809,115809,30.1,14.0,13.4,13.4,12.0,17.099999999999998,"Glendale, AZ"
Glendale,AZ,2014,237529,112405,125124,30.200000000000006,15.3,11.7,12.8,14.3,15.6,"Glendale, AZ"
Glendale,AZ,2015,240114,116795,123319,29.1,14.7,13.4,12.9,13.9,16.1,"Glendale, AZ"
Glendale,AZ,2016,245849,121450,124399,27.000000000000004,16.200000000000006,12.4,12.6,14.0,17.8,"Glendale, AZ"
Glendale,AZ,2017,246708,120816,125892,30.3,15.7,12.4,12.2,13.9,15.499999999999998,"Glendale, AZ"
Glendale,AZ,2018,250705,124205,126500,28.9,14.5,13.4,12.7,11.4,19.1,"Glendale, AZ"
Mesa,AZ,2010,440248,214522,225726,28.0,15.6,12.3,11.9,12.0,20.1,"Mesa, AZ"
Mesa,AZ,2011,446498,219468,227030,27.8,13.9,13.6,12.4,12.0,20.4,"Mesa, AZ"
Mesa,AZ,2012,452068,220768,231300,27.6,14.7,12.4,11.7,12.2,21.4,"Mesa, AZ"
Mesa,AZ,2013,457595,225463,232132,26.9,15.6,12.7,12.3,11.4,21.200000000000006,"Mesa, AZ"
Mesa,AZ,2014,464682,230440,234242,27.1,14.6,13.4,11.3,12.4,21.2,"Mesa, AZ"
Mesa,AZ,2015,471833,234998,236835,26.5,14.7,12.3,12.7,12.8,21.1,"Mesa, AZ"
Mesa,AZ,2016,484622,238380,246242,27.0,15.5,12.8,12.5,10.9,21.4,"Mesa, AZ"
Mesa,AZ,2017,496395,242301,254094,28.0,14.1,13.7,11.1,12.3,20.8,"Mesa, AZ"
Mesa,AZ,2018,508979,250913,258066,26.9,14.4,13.7,12.1,11.1,21.8,"Mesa, AZ"
Phoenix,AZ,2010,1449481,731869,717612,30.7,15.4,15.2,13.9,11.4,13.3,"Phoenix, AZ"
Phoenix,AZ,2011,1469484,739978,729506,30.3,15.7,14.1,14.7,12.0,13.0,"Phoenix, AZ"
Phoenix,AZ,2012,1488759,743172,745587,29.9,15.6,14.5,14.5,11.9,13.7,"Phoenix, AZ"
Phoenix,AZ,2013,1513350,756150,757200,29.3,16.1,14.5,13.9,12.5,13.7,"Phoenix, AZ"
Phoenix,AZ,2014,1537045,763915,773130,29.700000000000006,15.3,14.5,13.9,12.0,14.5,"Phoenix, AZ"
Phoenix,AZ,2015,1563001,786833,776168,28.7,15.2,15.5,13.2,12.1,15.300000000000002,"Phoenix, AZ"
Phoenix,AZ,2016,1615041,801784,813257,29.7,15.2,14.8,13.0,11.8,15.4,"Phoenix, AZ"
Phoenix,AZ,2017,1626085,811245,814840,28.9,15.5,14.5,13.5,11.8,15.8,"Phoenix, AZ"
Phoenix,AZ,2018,1660272,824568,835704,28.4,15.8,14.7,13.3,11.8,15.9,"Phoenix, AZ"
Scottsdale,AZ,2010,217977,104832,113145,19.3,11.0,9.6,16.1,16.7,27.4,"Scottsdale, AZ"
Scottsdale,AZ,2011,221007,103935,117072,19.0,11.5,11.7,11.6,15.6,30.5,"Scottsdale, AZ"
Scottsdale,AZ,2012,223517,109243,114274,19.200000000000006,12.8,11.6,13.9,15.6,26.9,"Scottsdale, AZ"
Scottsdale,AZ,2013,226909,112422,114487,19.7,11.9,12.0,13.5,14.0,28.8,"Scottsdale, AZ"
Scottsdale,AZ,2014,230502,110117,120385,17.1,12.3,12.5,12.5,16.799999999999994,28.799999999999994,"Scottsdale, AZ"
Scottsdale,AZ,2015,236844,115712,121132,16.700000000000006,13.0,11.6,13.0,15.6,30.1,"Scottsdale, AZ"
Scottsdale,AZ,2016,246646,120633,126013,17.0,11.1,11.4,12.3,16.0,32.1,"Scottsdale, AZ"
Scottsdale,AZ,2017,249947,126044,123903,18.8,13.4,11.5,11.3,15.3,29.700000000000006,"Scottsdale, AZ"
Scottsdale,AZ,2018,255315,126458,128857,17.4,12.9,11.3,13.2,14.8,30.4,"Scottsdale, AZ"
Tucson,AZ,2010,521132,258275,262857,27.5,18.200000000000006,13.2,11.9,12.4,16.799999999999994,"Tucson, AZ"
Tucson,AZ,2011,525798,262747,263051,26.4,18.5,12.7,12.4,13.1,16.900000000000002,"Tucson, AZ"
Tucson,AZ,2012,524278,260034,264244,26.2,18.8,13.3,12.0,11.9,17.8,"Tucson, AZ"
Tucson,AZ,2013,526141,260131,266010,26.200000000000006,19.2,12.6,11.6,12.4,18.1,"Tucson, AZ"
Tucson,AZ,2014,527948,263671,264277,25.4,19.4,13.0,11.3,11.5,19.2,"Tucson, AZ"
Tucson,AZ,2015,531674,264893,266781,25.8,19.3,12.8,10.8,11.7,19.6,"Tucson, AZ"
Tucson,AZ,2016,530690,262581,268109,25.8,19.700000000000006,13.0,10.7,11.2,19.5,"Tucson, AZ"
Tucson,AZ,2017,535676,267387,268289,25.0,19.5,12.8,10.9,11.9,20.0,"Tucson, AZ"
Tucson,AZ,2018,545987,268484,277503,25.200000000000006,19.8,12.8,11.3,10.6,20.1,"Tucson, AZ"
Anaheim,CA,2010,337259,171859,165400,29.9,16.7,13.6,14.2,11.8,14.0,"Anaheim, CA"
Anaheim,CA,2011,341348,171201,170147,29.5,16.2,14.8,13.5,11.3,14.6,"Anaheim, CA"
Anaheim,CA,2012,343241,170755,172486,29.8,15.3,14.5,14.6,11.6,14.1,"Anaheim, CA"
Anaheim,CA,2013,345015,171941,173074,28.0,16.0,14.8,14.0,11.5,15.7,"Anaheim, CA"
Anaheim,CA,2014,346961,171140,175821,27.5,16.4,14.6,13.5,12.9,15.2,"Anaheim, CA"
Anaheim,CA,2015,350738,179603,171135,27.3,17.2,14.7,14.6,11.7,14.3,"Anaheim, CA"
Anaheim,CA,2016,351066,166967,184099,27.7,16.3,14.4,12.7,12.3,16.400000000000002,"Anaheim, CA"
Anaheim,CA,2017,352456,177625,174831,26.9,16.6,14.2,13.8,12.6,15.8,"Anaheim, CA"
Anaheim,CA,2018,352018,170041,181977,27.5,15.0,16.3,12.6,11.8,16.7,"Anaheim, CA"
Bakersfield,CA,2010,348582,173473,175109,35.0,15.8,12.4,13.3,10.9,12.4,"Bakersfield, CA"
Bakersfield,CA,2011,352429,176625,175804,34.40000000000001,15.6,13.9,12.9,11.1,11.9,"Bakersfield, CA"
Bakersfield,CA,2012,358600,177627,180973,33.90000000000001,15.8,14.4,11.7,11.0,13.3,"Bakersfield, CA"
Bakersfield,CA,2013,363630,179150,184480,33.9,15.8,13.7,12.5,10.7,13.5,"Bakersfield, CA"
Bakersfield,CA,2014,368748,180907,187841,33.5,15.9,14.4,11.3,10.6,14.3,"Bakersfield, CA"
Bakersfield,CA,2015,373627,182154,191473,32.099999999999994,17.3,13.5,12.2,11.0,14.0,"Bakersfield, CA"
Bakersfield,CA,2016,376371,185146,191225,32.6,16.1,14.5,11.5,11.0,14.2,"Bakersfield, CA"
Bakersfield,CA,2017,380887,185324,195563,32.5,15.4,14.5,11.3,10.5,15.8,"Bakersfield, CA"
Bakersfield,CA,2018,383601,192252,191349,32.3,15.9,14.2,11.9,10.1,15.6,"Bakersfield, CA"
Fresno,CA,2010,496147,242478,253669,34.3,17.9,12.9,11.2,10.4,13.2,"Fresno, CA"
Fresno,CA,2011,501365,249398,251967,33.3,17.6,13.1,11.6,11.1,13.2,"Fresno, CA"
Fresno,CA,2012,505870,249701,256169,32.7,16.9,13.7,11.8,10.8,14.1,"Fresno, CA"
Fresno,CA,2013,509965,249538,260427,33.0,16.9,14.1,10.9,10.7,14.2,"Fresno, CA"
Fresno,CA,2014,515985,254170,261815,32.1,17.2,13.5,10.4,11.0,15.8,"Fresno, CA"
Fresno,CA,2015,520072,256130,263942,32.2,17.7,13.7,11.0,11.3,14.1,"Fresno, CA"
Fresno,CA,2016,522021,253511,268510,31.1,17.6,13.4,11.5,11.1,15.500000000000002,"Fresno, CA"
Fresno,CA,2017,527422,258635,268787,30.9,16.799999999999994,14.5,10.9,10.0,16.8,"Fresno, CA"
Fresno,CA,2018,530073,261641,268432,31.1,16.5,14.0,11.4,11.1,16.0,"Fresno, CA"
Long Beach,CA,2010,462793,232262,230531,28.2,16.9,15.3,14.1,11.7,13.9,"Long Beach, CA"
Long Beach,CA,2011,465584,227873,237711,28.4,16.4,14.5,14.5,11.9,14.4,"Long Beach, CA"
Long Beach,CA,2012,467888,230532,237356,27.700000000000006,16.1,14.1,14.8,12.8,14.4,"Long Beach, CA"
Long Beach,CA,2013,469384,233932,235452,27.2,16.299999999999994,14.4,14.0,12.9,15.1,"Long Beach, CA"
Long Beach,CA,2014,473605,234805,238800,27.3,16.9,14.0,14.8,12.1,15.000000000000002,"Long Beach, CA"
Long Beach,CA,2015,474172,238159,236013,25.9,15.7,16.1,13.1,13.0,16.1,"Long Beach, CA"
Long Beach,CA,2016,470140,230993,239147,26.1,17.799999999999994,15.1,13.5,11.8,15.499999999999998,"Long Beach, CA"
Long Beach,CA,2017,469459,227282,242177,24.800000000000004,16.8,14.5,13.6,12.4,17.900000000000006,"Long Beach, CA"
Long Beach,CA,2018,467353,230683,236670,23.2,16.9,16.0,12.6,13.5,17.6,"Long Beach, CA"
Los Angeles,CA,2010,3797144,1879472,1917672,26.3,17.1,15.8,14.0,11.9,14.8,"Los Angeles, CA"
Los Angeles,CA,2011,3819708,1900599,1919109,25.5,17.200000000000006,15.3,14.2,12.4,15.4,"Los Angeles, CA"
Los Angeles,CA,2012,3857786,1918378,1939408,25.4,16.799999999999994,15.6,14.2,12.2,15.7,"Los Angeles, CA"
Los Angeles,CA,2013,3884340,1928557,1955783,25.0,17.200000000000006,15.8,14.1,12.1,15.7,"Los Angeles, CA"
Los Angeles,CA,2014,3928827,1952196,1976631,24.6,17.1,15.7,13.8,12.2,16.5,"Los Angeles, CA"
Los Angeles,CA,2015,3971896,1958998,2012898,24.300000000000004,17.4,15.7,14.0,12.1,16.5,"Los Angeles, CA"
Los Angeles,CA,2016,3976324,1960672,2015652,23.4,17.1,16.0,13.8,12.5,17.2,"Los Angeles, CA"
Los Angeles,CA,2017,3999742,1983239,2016503,23.200000000000006,16.9,16.3,13.3,12.4,17.6,"Los Angeles, CA"
Los Angeles,CA,2018,3990469,1995286,1995183,22.8,16.9,16.5,13.2,12.3,18.1,"Los Angeles, CA"
Oakland,CA,2010,391672,193838,197834,24.200000000000006,14.7,17.3,14.1,12.8,16.8,"Oakland, CA"
Oakland,CA,2011,395811,188122,207689,23.4,15.2,16.5,14.3,13.0,17.700000000000006,"Oakland, CA"
Oakland,CA,2012,400740,194880,205860,23.700000000000006,15.6,16.299999999999994,14.6,12.8,17.0,"Oakland, CA"
Oakland,CA,2013,406228,202378,203850,22.6,16.299999999999994,16.799999999999994,14.2,12.2,17.8,"Oakland, CA"
Oakland,CA,2014,413782,198623,215159,23.2,15.2,17.6,13.6,13.0,17.499999999999996,"Oakland, CA"
Oakland,CA,2015,419278,203827,215451,22.500000000000004,16.6,17.6,14.1,12.3,17.0,"Oakland, CA"
Oakland,CA,2016,419987,207048,212939,21.5,16.6,17.6,13.7,12.3,18.3,"Oakland, CA"
Oakland,CA,2017,425204,209049,216155,21.5,15.2,18.6,13.7,12.3,18.7,"Oakland, CA"
Oakland,CA,2018,429114,204202,224912,21.1,15.2,19.3,14.2,11.6,18.8,"Oakland, CA"
Sacramento,CA,2010,467503,224397,243106,28.2,16.6,14.1,13.2,12.2,15.7,"Sacramento, CA"
Sacramento,CA,2011,472169,232917,239252,28.3,17.2,14.2,12.9,12.1,15.4,"Sacramento, CA"
Sacramento,CA,2012,475524,227955,247569,26.6,16.799999999999994,14.6,13.1,12.2,16.800000000000004,"Sacramento, CA"
Sacramento,CA,2013,479671,232923,246748,26.6,16.6,15.3,12.4,12.7,16.3,"Sacramento, CA"
Sacramento,CA,2014,485193,238864,246329,27.3,16.4,15.0,13.1,10.9,17.1,"Sacramento, CA"
Sacramento,CA,2015,490715,237724,252991,26.700000000000006,16.700000000000006,16.3,11.1,11.5,17.7,"Sacramento, CA"
Sacramento,CA,2016,495200,245235,249965,24.9,16.8,15.4,12.5,11.4,19.0,"Sacramento, CA"
Sacramento,CA,2017,501890,245487,256403,25.3,15.8,15.4,12.3,12.3,18.9,"Sacramento, CA"
Sacramento,CA,2018,508517,247463,261054,25.7,15.9,16.6,12.5,10.6,18.7,"Sacramento, CA"
San Diego,CA,2010,1311886,667048,644838,25.4,19.5,14.7,13.9,11.3,15.1,"San Diego, CA"
San Diego,CA,2011,1326183,669251,656932,24.7,19.7,15.0,13.2,12.0,15.5,"San Diego, CA"
San Diego,CA,2012,1338354,670519,667835,24.2,19.3,15.2,12.7,12.8,15.9,"San Diego, CA"
San Diego,CA,2013,1355885,689167,666718,24.8,19.0,15.3,12.8,11.7,16.4,"San Diego, CA"
San Diego,CA,2014,1381083,690091,690992,23.4,19.2,15.0,13.3,12.5,16.6,"San Diego, CA"
San Diego,CA,2015,1394907,693826,701081,23.2,19.0,16.1,12.5,12.2,16.900000000000002,"San Diego, CA"
San Diego,CA,2016,1406622,711531,695091,22.7,18.9,16.4,12.4,11.9,17.6,"San Diego, CA"
San Diego,CA,2017,1419488,720638,698850,22.7,19.200000000000006,16.1,13.0,11.5,17.4,"San Diego, CA"
San Diego,CA,2018,1425999,719960,706039,22.8,17.3,16.799999999999994,12.7,11.7,18.6,"San Diego, CA"
San Francisco,CA,2010,805463,408065,397398,15.6,18.4,18.5,15.0,12.6,19.8,"San Francisco, CA"
San Francisco,CA,2011,812826,412823,400003,15.599999999999998,18.0,18.9,14.8,12.9,19.9,"San Francisco, CA"
San Francisco,CA,2012,825863,419784,406079,15.4,17.8,19.3,14.7,12.9,19.9,"San Francisco, CA"
San Francisco,CA,2013,837442,425845,411597,15.0,17.7,19.4,14.7,12.9,20.2,"San Francisco, CA"
San Francisco,CA,2014,852469,433882,418587,15.2,17.6,19.2,14.8,12.7,20.5,"San Francisco, CA"
San Francisco,CA,2015,864816,439752,425064,15.0,17.8,19.700000000000006,14.4,12.5,20.6,"San Francisco, CA"
San Francisco,CA,2016,870887,443777,427110,15.099999999999998,17.6,20.200000000000006,14.1,12.3,20.7,"San Francisco, CA"
San Francisco,CA,2017,884363,450429,433934,15.1,17.4,20.4,13.9,12.2,21.1,"San Francisco, CA"
San Francisco,CA,2018,883305,450985,432320,15.2,17.0,20.8,13.7,11.8,21.6,"San Francisco, CA"
San Jose,CA,2010,949197,477347,471850,27.1,14.6,15.4,15.4,12.3,15.200000000000005,"San Jose, CA"
San Jose,CA,2011,967478,486623,480855,26.4,14.4,15.8,15.2,12.9,15.1,"San Jose, CA"
San Jose,CA,2012,982783,494487,488296,26.9,14.3,15.3,15.2,12.6,15.7,"San Jose, CA"
San Jose,CA,2013,998514,501691,496823,26.4,14.4,15.4,14.7,13.3,15.8,"San Jose, CA"
San Jose,CA,2014,1015796,507542,508254,25.5,14.7,15.0,14.7,13.3,16.7,"San Jose, CA"
San Jose,CA,2015,1026919,518317,508602,25.2,14.5,15.0,14.7,13.4,17.200000000000006,"San Jose, CA"
San Jose,CA,2016,1025373,520732,504641,25.200000000000006,14.8,15.0,14.7,13.1,17.1,"San Jose, CA"
San Jose,CA,2017,1035353,522618,512735,24.2,14.7,15.7,13.7,13.1,18.3,"San Jose, CA"
San Jose,CA,2018,1030119,515713,514406,24.200000000000006,14.3,16.0,14.0,12.9,18.6,"San Jose, CA"
Santa Ana,CA,2010,325483,162897,162586,34.5,16.3,17.1,13.5,9.0,9.6,"Santa Ana, CA"
Santa Ana,CA,2011,329405,165622,163783,32.7,17.6,15.2,14.9,9.0,10.7,"Santa Ana, CA"
Santa Ana,CA,2012,330913,165599,165314,32.40000000000001,18.9,14.2,14.0,10.9,9.6,"Santa Ana, CA"
Santa Ana,CA,2013,334241,169122,165119,31.4,18.3,15.8,13.4,10.1,11.0,"Santa Ana, CA"
Santa Ana,CA,2014,334924,170381,164543,31.0,17.0,15.0,13.9,11.3,11.900000000000002,"Santa Ana, CA"
Santa Ana,CA,2015,335423,167503,167920,31.4,17.2,15.4,12.8,11.0,12.3,"Santa Ana, CA"
Santa Ana,CA,2016,334236,171235,163001,29.700000000000006,17.5,15.0,13.9,11.3,12.7,"Santa Ana, CA"
Santa Ana,CA,2017,334135,170471,163664,29.1,17.299999999999994,15.6,12.9,12.3,12.8,"Santa Ana, CA"
Santa Ana,CA,2018,332727,173527,159200,28.2,18.5,15.3,12.2,11.8,13.9,"Santa Ana, CA"
Aurora,CO,2010,326719,162428,164291,31.0,14.5,15.7,13.5,12.5,13.0,"Aurora, CO"
Aurora,CO,2011,332551,165152,167399,29.9,16.3,15.9,12.1,12.3,13.7,"Aurora, CO"
Aurora,CO,2012,338835,168352,170483,29.6,15.0,14.5,13.8,12.2,14.899999999999995,"Aurora, CO"
Aurora,CO,2013,345814,165357,180457,29.3,14.8,14.8,14.2,11.9,14.999999999999998,"Aurora, CO"
Aurora,CO,2014,353381,172051,181330,28.4,15.6,15.3,13.4,12.0,15.1,"Aurora, CO"
Aurora,CO,2015,358870,177899,180971,28.1,15.0,15.1,14.1,12.1,15.6,"Aurora, CO"
Aurora,CO,2016,362249,178536,183713,27.5,15.4,15.1,15.3,11.3,15.3,"Aurora, CO"
Aurora,CO,2017,367250,181607,185643,27.500000000000004,14.9,16.4,13.3,11.6,16.4,"Aurora, CO"
Aurora,CO,2018,373487,184950,188537,26.1,15.0,15.6,14.5,11.7,17.1,"Aurora, CO"
Colorado Springs,CO,2010,419586,203157,216429,27.5,15.8,13.3,14.3,13.2,16.1,"Colorado Springs, CO"
Colorado Springs,CO,2011,426406,211851,214555,27.8,15.8,13.1,13.7,12.9,16.7,"Colorado Springs, CO"
Colorado Springs,CO,2012,431846,214440,217406,27.0,16.299999999999994,13.2,13.3,13.7,16.599999999999998,"Colorado Springs, CO"
Colorado Springs,CO,2013,439858,216483,223375,27.5,15.7,13.8,12.7,13.0,17.3,"Colorado Springs, CO"
Colorado Springs,CO,2014,445820,223286,222534,25.8,17.3,14.1,11.8,12.6,18.200000000000006,"Colorado Springs, CO"
Colorado Springs,CO,2015,456562,225544,231018,26.4,16.3,14.3,11.5,12.5,19.0,"Colorado Springs, CO"
Colorado Springs,CO,2016,465084,234287,230797,26.7,16.7,14.3,11.8,12.9,17.599999999999994,"Colorado Springs, CO"
Colorado Springs,CO,2017,464470,233923,230547,26.1,16.6,14.0,11.9,11.9,19.3,"Colorado Springs, CO"
Colorado Springs,CO,2018,472666,235360,237306,26.5,16.1,14.5,12.3,12.0,18.6,"Colorado Springs, CO"
Denver,CO,2010,604414,302514,301900,23.8,19.0,17.6,12.9,11.7,15.000000000000002,"Denver, CO"
Denver,CO,2011,619968,310377,309591,24.0,18.5,18.200000000000006,12.6,11.4,15.2,"Denver, CO"
Denver,CO,2012,634265,317233,317032,24.0,18.2,17.6,13.5,11.2,15.4,"Denver, CO"
Denver,CO,2013,649495,324648,324847,23.1,18.1,18.6,13.4,11.2,15.499999999999998,"Denver, CO"
Denver,CO,2014,663862,332182,331680,22.800000000000004,18.0,19.4,12.9,11.3,15.8,"Denver, CO"
Denver,CO,2015,682545,341137,341408,22.7,17.9,19.4,13.1,10.4,16.5,"Denver, CO"
Denver,CO,2016,693060,347500,345560,22.5,17.7,19.7,13.4,10.7,16.099999999999998,"Denver, CO"
Denver,CO,2017,704621,352865,351756,21.8,17.799999999999994,19.8,13.6,10.7,16.2,"Denver, CO"
Denver,CO,2018,716492,358836,357656,21.6,17.9,20.4,13.4,10.3,16.4,"Denver, CO"
Washington,DC,2010,604453,285729,318724,21.0,21.8,16.299999999999994,12.6,11.5,16.7,"Washington, DC"
Washington,DC,2011,617996,292283,325713,21.0,21.6,16.799999999999994,12.4,11.8,16.4,"Washington, DC"
Washington,DC,2012,632323,299036,333287,21.1,21.3,17.1,12.5,11.5,16.5,"Washington, DC"
Washington,DC,2013,646449,306147,340302,20.7,21.1,17.9,12.5,11.5,16.400000000000002,"Washington, DC"
Washington,DC,2014,658893,312633,346260,20.8,20.700000000000006,19.0,11.8,11.4,16.3,"Washington, DC"
Washington,DC,2015,672228,319705,352523,20.8,20.3,19.0,12.2,11.3,16.1,"Washington, DC"
Washington,DC,2016,681170,323591,357579,20.9,20.2,19.4,12.0,10.8,16.7,"Washington, DC"
Washington,DC,2017,693972,329078,364894,20.9,19.8,19.9,11.8,10.5,17.000000000000004,"Washington, DC"
Washington,DC,2018,702455,334208,368247,21.3,19.2,20.5,11.6,10.4,17.0,"Washington, DC"
Fort Lauderdale,FL,2010,166039,88625,77414,19.7,13.2,14.5,15.8,14.6,22.1,"Fort Lauderdale, FL"
Fort Lauderdale,FL,2011,168527,89956,78571,18.0,15.1,12.0,14.8,17.8,22.3,"Fort Lauderdale, FL"
Fort Lauderdale,FL,2012,170747,88017,82730,22.5,13.6,12.3,14.4,14.6,22.6,"Fort Lauderdale, FL"
Fort Lauderdale,FL,2013,172374,91550,80824,18.3,12.8,13.8,15.6,15.7,23.8,"Fort Lauderdale, FL"
Fort Lauderdale,FL,2014,176018,91239,84779,19.6,12.0,14.8,12.8,16.1,24.7,"Fort Lauderdale, FL"
Fort Lauderdale,FL,2015,178587,93948,84639,20.9,12.2,13.6,13.3,15.6,24.200000000000006,"Fort Lauderdale, FL"
Fort Lauderdale,FL,2016,178764,93835,84929,20.2,14.4,15.4,10.2,16.299999999999994,23.4,"Fort Lauderdale, FL"
Fort Lauderdale,FL,2017,180071,92412,87659,20.4,13.5,13.8,12.5,15.0,24.7,"Fort Lauderdale, FL"
Fort Lauderdale,FL,2018,182611,94013,88598,17.299999999999994,13.4,12.3,14.5,16.2,26.4,"Fort Lauderdale, FL"
Jacksonville,FL,2010,823316,399485,423831,26.6,15.8,14.1,14.0,13.4,16.0,"Jacksonville, FL"
Jacksonville,FL,2011,827909,401910,425999,26.1,15.9,14.0,13.7,13.6,16.7,"Jacksonville, FL"
Jacksonville,FL,2012,836507,404710,431797,25.8,15.9,13.9,13.3,13.6,17.5,"Jacksonville, FL"
Jacksonville,FL,2013,842588,408223,434365,25.9,15.6,13.6,13.3,13.7,18.0,"Jacksonville, FL"
Jacksonville,FL,2014,853376,411582,441794,25.6,15.9,13.2,13.4,13.5,18.3,"Jacksonville, FL"
Jacksonville,FL,2015,868031,419203,448828,25.7,15.7,14.5,12.1,13.5,18.5,"Jacksonville, FL"
Jacksonville,FL,2016,880623,426712,453911,25.4,15.8,14.3,12.3,13.3,18.9,"Jacksonville, FL"
Jacksonville,FL,2017,892064,432039,460025,25.3,15.5,14.4,12.5,13.5,18.9,"Jacksonville, FL"
Jacksonville,FL,2018,903896,436155,467741,25.3,15.3,14.7,12.3,13.0,19.4,"Jacksonville, FL"
Miami,FL,2010,400892,199043,201849,20.9,14.6,16.0,14.9,13.0,20.7,"Miami, FL"
Miami,FL,2011,408760,197819,210941,21.200000000000006,14.4,15.6,15.2,13.0,20.8,"Miami, FL"
Miami,FL,2012,413864,209756,204108,20.7,15.2,16.0,14.4,12.5,21.1,"Miami, FL"
Miami,FL,2013,417670,212832,204838,20.5,14.9,16.1,14.1,13.3,20.8,"Miami, FL"
Miami,FL,2014,430341,209516,220825,19.4,14.5,16.2,15.7,12.2,22.0,"Miami, FL"
Miami,FL,2015,440989,215840,225149,18.7,14.3,16.299999999999994,13.8,14.2,22.6,"Miami, FL"
Miami,FL,2016,453584,223068,230516,19.2,13.5,16.3,14.7,13.7,22.6,"Miami, FL"
Miami,FL,2017,463354,228354,235000,19.7,15.0,15.5,14.9,12.9,21.7,"Miami, FL"
Miami,FL,2018,470911,233853,237058,19.1,13.1,17.0,14.3,13.4,23.1,"Miami, FL"
Orlando,FL,2010,239037,120731,118306,24.5,21.2,16.7,13.2,11.9,12.4,"Orlando, FL"
Orlando,FL,2011,243209,117664,125545,23.800000000000004,21.3,14.1,14.2,11.5,15.1,"Orlando, FL"
Orlando,FL,2012,249525,116126,133399,25.2,20.3,17.700000000000006,14.6,9.4,12.9,"Orlando, FL"
Orlando,FL,2013,255479,125911,129568,24.0,19.1,16.9,12.8,12.9,14.4,"Orlando, FL"
Orlando,FL,2014,262396,128229,134167,23.4,18.9,19.3,13.4,11.3,13.8,"Orlando, FL"
Orlando,FL,2015,270917,130940,139977,21.9,22.0,18.1,12.3,11.5,14.2,"Orlando, FL"
Orlando,FL,2016,277198,136663,140535,22.6,20.2,18.4,12.7,11.8,14.2,"Orlando, FL"
Orlando,FL,2017,280258,136571,143687,24.0,19.3,18.6,12.2,11.3,14.4,"Orlando, FL"
Orlando,FL,2018,285705,132334,153371,21.2,19.5,19.9,12.2,10.8,16.5,"Orlando, FL"
St. Petersburg,FL,2010,244818,116565,128253,21.6,12.1,12.5,15.7,14.8,23.099999999999994,"St. Petersburg, FL"
St. Petersburg,FL,2011,244995,117319,127676,22.0,12.8,12.4,15.8,15.9,21.2,"St. Petersburg, FL"
St. Petersburg,FL,2012,246533,120515,126018,20.5,14.8,12.1,13.9,15.1,23.5,"St. Petersburg, FL"
St. Petersburg,FL,2013,249702,116653,133049,20.6,13.4,11.9,14.2,16.3,23.7,"St. Petersburg, FL"
St. Petersburg,FL,2014,253682,123768,129914,21.1,14.0,12.3,13.5,15.1,23.8,"St. Petersburg, FL"
St. Petersburg,FL,2015,257088,123524,133564,20.8,12.5,14.4,13.1,14.7,24.4,"St. Petersburg, FL"
St. Petersburg,FL,2016,260991,125551,135440,18.5,15.5,13.1,13.5,14.8,24.700000000000006,"St. Petersburg, FL"
St. Petersburg,FL,2017,263252,126815,136437,17.9,13.2,13.7,11.7,16.0,27.4,"St. Petersburg, FL"
St. Petersburg,FL,2018,265100,128379,136721,19.5,15.0,14.3,11.4,15.5,24.1,"St. Petersburg, FL"
Tallahassee,FL,2010,181734,86503,95231,26.4,30.4,12.1,10.0,10.0,11.000000000000002,"Tallahassee, FL"
Tallahassee,FL,2011,182955,88787,94168,25.5,31.5,12.0,9.0,9.9,11.999999999999998,"Tallahassee, FL"
Tallahassee,FL,2012,186977,89040,97937,25.5,31.8,12.3,9.9,9.0,11.5,"Tallahassee, FL"
Tallahassee,FL,2013,186408,88071,98337,24.9,31.3,11.7,8.9,9.9,13.5,"Tallahassee, FL"
Tallahassee,FL,2014,188106,90019,98087,25.1,31.6,13.0,8.3,8.8,13.1,"Tallahassee, FL"
Tallahassee,FL,2015,189894,89390,100504,24.2,32.2,12.4,8.6,9.0,13.6,"Tallahassee, FL"
Tallahassee,FL,2016,190895,89544,101351,23.8,32.4,12.5,8.2,8.6,14.6,"Tallahassee, FL"
Tallahassee,FL,2017,191039,89596,101443,22.9,32.3,11.8,9.2,10.1,13.6,"Tallahassee, FL"
Tallahassee,FL,2018,193550,91252,102298,25.1,30.1,11.8,9.8,8.3,14.9,"Tallahassee, FL"
Tampa,FL,2010,336945,165425,171520,27.0,17.2,14.3,13.4,12.9,15.2,"Tampa, FL"
Tampa,FL,2011,346064,171733,174331,25.5,17.2,14.6,13.9,13.2,15.499999999999998,"Tampa, FL"
Tampa,FL,2012,347650,169497,178153,26.1,17.8,13.4,13.7,12.9,15.8,"Tampa, FL"
Tampa,FL,2013,352981,170578,182403,24.7,17.0,13.6,14.7,12.9,17.2,"Tampa, FL"
Tampa,FL,2014,358684,174566,184118,25.8,16.0,14.5,13.4,13.2,17.0,"Tampa, FL"
Tampa,FL,2015,369028,175517,193511,25.3,16.700000000000006,14.6,13.3,13.1,16.8,"Tampa, FL"
Tampa,FL,2016,377172,180469,196703,24.9,16.0,14.3,13.0,13.5,18.5,"Tampa, FL"
Tampa,FL,2017,385423,189874,195549,24.4,15.8,14.7,13.2,12.9,18.9,"Tampa, FL"
Tampa,FL,2018,392905,192670,200235,25.9,15.8,16.7,12.5,12.1,17.2,"Tampa, FL"
Atlanta,GA,2010,422338,207850,214488,23.8,20.6,16.4,14.1,11.0,14.2,"Atlanta, GA"
Atlanta,GA,2011,432425,214220,218205,22.4,22.6,16.7,13.8,10.4,14.2,"Atlanta, GA"
Atlanta,GA,2012,443768,223655,220113,22.6,21.2,17.6,13.2,11.0,14.6,"Atlanta, GA"
Atlanta,GA,2013,447848,224933,222915,23.0,21.1,16.6,13.5,10.8,14.9,"Atlanta, GA"
Atlanta,GA,2014,456012,220350,235662,22.7,20.7,16.9,12.7,11.2,15.900000000000002,"Atlanta, GA"
Atlanta,GA,2015,463875,223960,239915,21.3,20.4,18.0,12.9,11.0,16.299999999999994,"Atlanta, GA"
Atlanta,GA,2016,472506,235065,237441,23.3,20.1,17.3,13.1,11.2,15.1,"Atlanta, GA"
Atlanta,GA,2017,486299,238210,248089,22.8,21.3,16.8,12.1,10.8,16.4,"Atlanta, GA"
Atlanta,GA,2018,498073,245352,252721,22.6,21.200000000000006,17.5,11.6,11.4,15.7,"Atlanta, GA"
Augusta,GA,2010,196386,94257,102129,27.8,17.5,11.4,13.5,13.1,16.6,"Augusta, GA"
Augusta,GA,2011,194928,94628,100300,27.7,17.1,13.0,11.9,13.6,16.400000000000002,"Augusta, GA"
Augusta,GA,2012,197696,96043,101653,27.700000000000006,17.5,12.6,11.8,13.0,17.400000000000002,"Augusta, GA"
Augusta,GA,2013,196711,94979,101732,27.1,17.5,13.5,11.0,13.7,17.299999999999994,"Augusta, GA"
Augusta,GA,2014,197465,94648,102817,27.3,17.700000000000006,12.4,11.4,12.7,18.7,"Augusta, GA"
Augusta,GA,2015,196579,94662,101917,26.4,17.6,13.9,10.2,13.0,18.9,"Augusta, GA"
Augusta,GA,2016,196194,94946,101248,26.4,17.8,12.8,11.1,12.0,20.0,"Augusta, GA"
Augusta,GA,2017,195678,93839,101839,26.0,18.200000000000006,12.5,11.2,12.0,19.9,"Augusta, GA"
Augusta,GA,2018,196138,93254,102884,26.3,16.8,14.0,10.9,10.9,21.1,"Augusta, GA"
Honolulu,HI,2010,338909,166876,172033,19.200000000000006,16.0,13.0,13.2,13.5,25.1,"Honolulu, HI"
Honolulu,HI,2011,340931,166748,174183,20.9,15.9,13.0,12.5,13.2,24.5,"Honolulu, HI"
Honolulu,HI,2012,345604,172670,172934,20.200000000000006,15.8,13.5,12.9,13.6,24.2,"Honolulu, HI"
Honolulu,HI,2013,347907,171644,176263,19.8,15.1,14.0,13.7,13.5,24.0,"Honolulu, HI"
Honolulu,HI,2014,350403,175998,174405,19.4,16.0,14.1,12.6,13.2,24.9,"Honolulu, HI"
Honolulu,HI,2015,352766,176807,175959,18.3,15.8,14.0,12.6,14.5,24.8,"Honolulu, HI"
Honolulu,HI,2016,351769,173691,178078,20.0,15.2,13.3,12.3,13.2,26.1,"Honolulu, HI"
Honolulu,HI,2017,350388,172554,177834,18.9,13.7,15.0,12.5,13.8,25.9,"Honolulu, HI"
Honolulu,HI,2018,347403,176513,170890,19.9,15.2,13.1,12.9,12.3,26.700000000000006,"Honolulu, HI"
Boise,ID,2010,206286,102968,103318,24.6,16.5,13.0,14.2,13.3,18.4,"Boise, ID"
Boise,ID,2011,210151,105331,104820,24.800000000000004,18.4,12.7,14.8,13.3,16.0,"Boise, ID"
Boise,ID,2012,212299,106562,105737,24.6,16.8,12.7,14.0,13.5,18.4,"Boise, ID"
Boise,ID,2013,214235,106240,107995,25.8,16.299999999999994,13.8,13.1,13.6,17.2,"Boise, ID"
Boise,ID,2014,216280,109906,106374,26.6,15.6,14.1,13.2,12.0,18.3,"Boise, ID"
Boise,ID,2015,218280,110099,108181,26.9,15.9,15.6,12.0,12.9,16.8,"Boise, ID"
Boise,ID,2016,223152,107555,115597,25.6,16.1,15.8,11.9,11.5,19.1,"Boise, ID"
Boise,ID,2017,226567,115099,111468,25.0,15.5,14.8,12.8,13.2,18.8,"Boise, ID"
Boise,ID,2018,228807,114632,114175,22.2,15.3,16.5,12.4,12.1,21.6,"Boise, ID"
Chicago,IL,2010,2698831,1306010,1392821,26.4,18.3,16.200000000000006,13.0,11.7,14.4,"Chicago, IL"
Chicago,IL,2011,2707123,1317085,1390038,25.700000000000006,18.6,16.2,13.0,11.8,14.7,"Chicago, IL"
Chicago,IL,2012,2714844,1315782,1399062,25.2,17.9,16.3,13.1,11.6,15.7,"Chicago, IL"
Chicago,IL,2013,2718789,1325677,1393112,24.8,18.1,16.6,13.1,11.7,15.6,"Chicago, IL"
Chicago,IL,2014,2722407,1314074,1408333,24.5,18.1,16.799999999999994,12.4,11.8,16.4,"Chicago, IL"
Chicago,IL,2015,2720556,1320015,1400541,24.1,18.0,16.8,12.7,11.9,16.6,"Chicago, IL"
Chicago,IL,2016,2704965,1313049,1391916,23.8,18.2,16.9,12.7,11.7,16.9,"Chicago, IL"
Chicago,IL,2017,2716462,1317691,1398771,23.2,18.2,16.8,12.4,11.9,17.7,"Chicago, IL"
Chicago,IL,2018,2705988,1319875,1386113,22.6,18.1,16.9,12.4,11.6,18.3,"Chicago, IL"
Indianapolis,IN,2010,824199,397975,426224,28.1,16.4,14.1,13.4,13.2,14.7,"Indianapolis, IN"
Indianapolis,IN,2011,824232,394578,429654,27.700000000000006,16.1,14.0,13.8,13.3,15.099999999999998,"Indianapolis, IN"
Indianapolis,IN,2012,835806,402471,433335,27.5,16.4,14.2,13.1,13.0,15.8,"Indianapolis, IN"
Indianapolis,IN,2013,838425,407301,431124,27.1,16.4,14.5,12.7,13.6,15.599999999999998,"Indianapolis, IN"
Indianapolis,IN,2014,851353,412711,438642,27.2,16.1,14.5,12.6,13.3,16.3,"Indianapolis, IN"
Indianapolis,IN,2015,848423,410615,437808,27.1,16.3,14.2,12.5,13.0,17.1,"Indianapolis, IN"
Indianapolis,IN,2016,852506,409836,442670,27.200000000000006,16.4,14.5,11.9,12.6,17.3,"Indianapolis, IN"
Indianapolis,IN,2017,857386,414040,443346,26.9,16.3,14.9,11.6,12.3,18.0,"Indianapolis, IN"
Indianapolis,IN,2018,864131,415501,448630,26.9,16.1,14.9,11.7,12.3,18.1,"Indianapolis, IN"
Des Moines,IA,2010,204196,99020,105176,28.3,15.3,13.9,13.9,12.8,15.9,"Des Moines, IA"
Des Moines,IA,2011,206577,99748,106829,28.6,16.0,16.3,12.3,11.4,15.5,"Des Moines, IA"
Des Moines,IA,2012,206568,100899,105669,28.1,15.8,14.3,13.5,12.1,16.299999999999994,"Des Moines, IA"
Des Moines,IA,2013,207293,104548,102745,28.1,17.1,14.0,13.2,11.6,15.999999999999998,"Des Moines, IA"
Des Moines,IA,2014,209064,100715,108349,29.1,15.7,13.9,13.0,12.3,16.0,"Des Moines, IA"
Des Moines,IA,2015,210317,103726,106591,26.3,16.4,15.2,12.3,12.5,17.200000000000006,"Des Moines, IA"
Des Moines,IA,2016,215328,108057,107271,27.300000000000004,16.299999999999994,14.8,12.6,11.1,17.9,"Des Moines, IA"
Des Moines,IA,2017,217508,106125,111383,27.6,16.6,14.6,12.0,12.2,16.900000000000002,"Des Moines, IA"
Des Moines,IA,2018,216993,105590,111403,28.4,16.2,13.5,12.6,12.6,16.8,"Des Moines, IA"
Wichita,KS,2010,383142,188182,194960,29.0,15.9,12.7,12.7,13.5,16.3,"Wichita, KS"
Wichita,KS,2011,384439,189484,194955,29.1,15.5,12.7,13.0,12.9,16.9,"Wichita, KS"
Wichita,KS,2012,385586,190196,195390,28.7,15.0,12.6,12.4,13.5,17.900000000000006,"Wichita, KS"
Wichita,KS,2013,386558,192002,194556,29.0,15.0,13.6,11.5,13.1,18.000000000000004,"Wichita, KS"
Wichita,KS,2014,388413,192770,195643,28.9,15.1,13.4,11.8,12.5,18.500000000000004,"Wichita, KS"
Wichita,KS,2015,389955,192354,197601,27.9,15.6,13.8,11.5,12.7,18.700000000000006,"Wichita, KS"
Wichita,KS,2016,389927,191350,198577,27.8,15.4,13.3,11.5,12.4,19.599999999999994,"Wichita, KS"
Wichita,KS,2017,390599,192567,198032,26.8,15.1,13.4,11.3,12.6,21.1,"Wichita, KS"
Wichita,KS,2018,389259,192356,196903,27.5,15.1,12.8,11.5,12.3,20.8,"Wichita, KS"
Lexington,KY,2010,296765,147746,149019,25.1,19.1,14.6,13.3,12.3,15.8,"Lexington, KY"
Lexington,KY,2011,301569,148736,152833,24.5,19.5,14.3,12.7,12.8,15.900000000000002,"Lexington, KY"
Lexington,KY,2012,305489,150269,155220,24.6,19.3,15.1,12.3,12.3,16.5,"Lexington, KY"
Lexington,KY,2013,308428,150932,157496,24.9,18.7,14.9,12.2,12.7,16.5,"Lexington, KY"
Lexington,KY,2014,310797,152721,158076,24.8,18.6,13.9,13.2,12.2,17.2,"Lexington, KY"
Lexington,KY,2015,314488,154032,160456,24.5,18.8,14.2,12.7,12.0,17.700000000000006,"Lexington, KY"
Lexington,KY,2016,318449,156230,162219,24.9,18.5,14.5,12.3,12.1,17.7,"Lexington, KY"
Lexington,KY,2017,321959,158325,163634,25.1,18.4,14.3,12.1,12.2,17.799999999999994,"Lexington, KY"
Lexington,KY,2018,323780,158158,165622,24.0,19.200000000000006,14.5,11.4,11.9,18.8,"Lexington, KY"
Louisville,KY,2010,598230,288707,309523,26.6,14.2,13.9,13.9,13.4,18.1,"Louisville, KY"
Louisville,KY,2011,602037,289734,312303,26.200000000000006,14.1,13.3,13.2,14.1,19.2,"Louisville, KY"
Louisville,KY,2012,605108,294111,310997,25.700000000000006,14.4,13.3,13.2,14.5,18.8,"Louisville, KY"
Louisville,KY,2013,609908,294423,315485,25.3,14.3,13.2,13.5,14.3,19.5,"Louisville, KY"
Louisville,KY,2014,612775,295925,316850,25.700000000000006,14.5,14.0,12.1,14.6,19.0,"Louisville, KY"
Louisville,KY,2015,615389,298451,316938,25.4,14.4,13.2,12.8,14.0,20.3,"Louisville, KY"
Louisville,KY,2016,616261,298261,318000,24.9,14.5,13.3,12.8,13.6,20.8,"Louisville, KY"
Louisville,KY,2017,621337,302759,318578,25.4,14.7,13.6,12.0,13.5,20.7,"Louisville, KY"
Louisville,KY,2018,620149,302893,317256,25.1,14.5,13.2,12.3,12.9,22.1,"Louisville, KY"
Baton Rouge,LA,2010,229859,109942,119917,26.5,22.7,12.2,10.8,12.1,15.6,"Baton Rouge, LA"
Baton Rouge,LA,2011,230148,109831,120317,26.5,22.1,12.2,10.8,11.2,17.099999999999998,"Baton Rouge, LA"
Baton Rouge,LA,2012,230040,111949,118091,25.1,23.0,11.6,10.9,13.3,16.099999999999998,"Baton Rouge, LA"
Baton Rouge,LA,2013,229405,107862,121543,24.6,23.1,12.6,9.3,12.4,17.9,"Baton Rouge, LA"
Baton Rouge,LA,2014,228909,107970,120939,25.1,22.3,13.3,9.6,11.3,18.4,"Baton Rouge, LA"
Baton Rouge,LA,2015,228596,111492,117104,25.6,22.3,14.1,9.3,11.3,17.6,"Baton Rouge, LA"
Baton Rouge,LA,2016,227707,108481,119226,26.700000000000006,21.700000000000006,12.8,9.4,11.0,18.3,"Baton Rouge, LA"
Baton Rouge,LA,2017,225370,105153,120217,27.5,21.700000000000006,11.7,10.6,10.1,18.6,"Baton Rouge, LA"
Baton Rouge,LA,2018,221606,106292,115314,25.9,20.9,11.7,10.9,9.8,20.8,"Baton Rouge, LA"
New Orleans,LA,2010,347858,168746,179112,25.1,18.2,13.2,13.1,14.0,16.4,"New Orleans, LA"
New Orleans,LA,2011,360740,173821,186919,24.3,18.6,13.8,12.5,13.4,17.4,"New Orleans, LA"
New Orleans,LA,2012,369250,177208,192042,24.6,17.8,14.1,12.4,13.7,17.3,"New Orleans, LA"
New Orleans,LA,2013,378715,181823,196892,23.6,17.8,14.2,13.0,13.5,18.0,"New Orleans, LA"
New Orleans,LA,2014,384320,183107,201213,23.1,17.5,14.8,12.7,13.8,18.1,"New Orleans, LA"
New Orleans,LA,2015,389617,185736,203881,22.9,16.9,15.9,12.0,13.6,18.5,"New Orleans, LA"
New Orleans,LA,2016,391495,186998,204497,22.8,16.3,16.799999999999994,11.5,13.1,19.3,"New Orleans, LA"
New Orleans,LA,2017,393292,186954,206338,22.5,15.5,16.5,12.0,12.7,20.8,"New Orleans, LA"
New Orleans,LA,2018,391006,185255,205751,22.3,15.0,17.0,11.6,13.2,21.1,"New Orleans, LA"
Shreveport,LA,2010,198934,93514,105420,27.4,16.6,12.6,12.0,13.4,17.8,"Shreveport, LA"
Shreveport,LA,2011,201871,94728,107143,27.8,16.5,12.5,11.6,13.4,18.2,"Shreveport, LA"
Shreveport,LA,2012,201878,95818,106060,26.9,15.6,13.7,10.8,14.6,18.4,"Shreveport, LA"
Shreveport,LA,2013,200191,94091,106100,28.0,15.5,12.0,12.0,13.3,19.3,"Shreveport, LA"
Shreveport,LA,2014,197979,92529,105450,26.3,15.9,12.6,12.0,12.8,20.5,"Shreveport, LA"
Shreveport,LA,2015,196994,93138,103856,27.5,14.8,13.6,11.9,13.2,18.9,"Shreveport, LA"
Shreveport,LA,2016,194472,90716,103756,26.700000000000006,15.3,13.9,11.1,12.5,20.500000000000004,"Shreveport, LA"
Shreveport,LA,2017,191715,90501,101214,27.2,14.7,14.3,10.4,12.0,21.6,"Shreveport, LA"
Shreveport,LA,2018,189149,88563,100586,26.0,14.8,14.0,10.6,11.3,23.1,"Shreveport, LA"
Baltimore,MD,2010,620583,292446,328137,24.8,18.4,13.7,13.0,12.8,17.1,"Baltimore, MD"
Baltimore,MD,2011,619493,291984,327509,24.9,18.3,13.6,12.9,13.2,17.3,"Baltimore, MD"
Baltimore,MD,2012,621342,292599,328743,24.7,18.4,14.0,12.4,13.1,17.4,"Baltimore, MD"
Baltimore,MD,2013,622104,292760,329344,24.0,18.200000000000006,14.3,12.3,13.1,18.0,"Baltimore, MD"
Baltimore,MD,2014,622793,294080,328713,23.9,18.1,14.9,11.7,13.6,17.7,"Baltimore, MD"
Baltimore,MD,2015,621849,294027,327822,23.8,18.0,15.2,11.4,13.2,18.4,"Baltimore, MD"
Baltimore,MD,2016,614664,289086,325578,23.7,17.8,15.6,11.0,12.9,19.000000000000004,"Baltimore, MD"
Baltimore,MD,2017,611648,286883,324765,23.0,17.4,16.2,10.9,12.9,19.6,"Baltimore, MD"
Baltimore,MD,2018,602495,282677,319818,23.3,16.8,16.1,11.1,12.1,20.6,"Baltimore, MD"
Boston,MA,2010,621383,296201,325182,21.9,26.3,14.8,12.0,10.3,14.8,"Boston, MA"
Boston,MA,2011,624969,296744,328225,21.9,26.1,15.3,11.6,10.5,14.7,"Boston, MA"
Boston,MA,2012,637516,306561,330955,22.0,25.5,15.6,11.6,10.5,14.7,"Boston, MA"
Boston,MA,2013,644710,308191,336519,21.3,24.8,16.1,11.7,10.8,15.000000000000002,"Boston, MA"
Boston,MA,2014,656051,316075,339976,21.3,24.8,16.200000000000006,11.7,10.8,15.2,"Boston, MA"
Boston,MA,2015,669469,322149,347320,21.1,24.4,17.2,11.1,10.8,15.3,"Boston, MA"
Boston,MA,2016,672840,323186,349654,20.9,24.1,17.1,11.2,11.0,15.7,"Boston, MA"
Boston,MA,2017,683015,329816,353199,20.200000000000006,24.200000000000006,17.4,11.0,11.0,16.299999999999994,"Boston, MA"
Boston,MA,2018,695926,333815,362111,20.3,24.3,18.0,10.2,10.6,16.5,"Boston, MA"
Detroit,MI,2010,711910,338958,372952,30.3,13.6,12.4,13.2,13.6,16.8,"Detroit, MI"
Detroit,MI,2011,706640,336931,369709,29.6,14.1,12.3,12.8,13.6,17.499999999999996,"Detroit, MI"
Detroit,MI,2012,701524,331941,369583,28.700000000000006,15.4,11.5,13.1,13.7,17.8,"Detroit, MI"
Detroit,MI,2013,688740,326379,362361,28.1,15.9,11.5,12.7,13.4,18.4,"Detroit, MI"
Detroit,MI,2014,680281,320196,360085,27.9,15.8,11.8,12.4,13.5,18.4,"Detroit, MI"
Detroit,MI,2015,677124,319265,357859,28.0,16.299999999999994,12.0,12.1,13.0,18.8,"Detroit, MI"
Detroit,MI,2016,672829,320634,352195,28.3,16.6,12.3,11.6,12.8,18.4,"Detroit, MI"
Detroit,MI,2017,673103,319063,354040,27.4,17.0,11.7,11.9,12.1,19.9,"Detroit, MI"
Detroit,MI,2018,672681,316529,356152,27.4,16.5,11.9,12.1,11.9,20.2,"Detroit, MI"
Minneapolis,MN,2010,383280,194796,188484,22.6,23.9,16.1,12.4,12.4,12.6,"Minneapolis, MN"
Minneapolis,MN,2011,387736,194953,192783,24.0,21.5,16.1,12.5,11.6,14.5,"Minneapolis, MN"
Minneapolis,MN,2012,392871,197360,195511,24.3,22.8,15.8,12.6,11.7,13.0,"Minneapolis, MN"
Minneapolis,MN,2013,400079,201059,199020,23.1,22.1,16.299999999999994,12.4,12.0,13.8,"Minneapolis, MN"
Minneapolis,MN,2014,407181,205891,201290,24.0,22.0,17.700000000000006,11.9,11.4,12.8,"Minneapolis, MN"
Minneapolis,MN,2015,410935,206547,204388,23.3,21.8,18.0,12.4,10.7,13.5,"Minneapolis, MN"
Minneapolis,MN,2016,413645,213568,200077,23.4,22.0,18.0,11.6,11.0,14.1,"Minneapolis, MN"
Minneapolis,MN,2017,422326,211482,210844,23.3,21.1,18.7,11.2,10.9,14.599999999999998,"Minneapolis, MN"
Minneapolis,MN,2018,425395,214813,210582,23.8,21.5,19.3,10.8,9.4,15.3,"Minneapolis, MN"
Kansas City,MO,2010,460665,219990,240675,27.6,15.5,14.1,13.6,13.5,15.6,"Kansas City, MO"
Kansas City,MO,2011,463156,225330,237826,26.0,16.0,15.2,13.3,13.3,16.200000000000006,"Kansas City, MO"
Kansas City,MO,2012,464346,222506,241840,26.8,15.5,13.8,13.6,13.4,17.099999999999998,"Kansas City, MO"
Kansas City,MO,2013,467082,231475,235607,25.0,16.5,15.0,12.2,14.0,17.5,"Kansas City, MO"
Kansas City,MO,2014,470816,229038,241778,25.7,16.4,14.6,12.7,13.7,17.1,"Kansas City, MO"
Kansas City,MO,2015,475361,228430,246931,25.4,15.2,14.5,12.7,13.8,18.4,"Kansas City, MO"
Kansas City,MO,2016,481360,234706,246654,25.5,16.1,14.9,12.3,12.6,18.4,"Kansas City, MO"
Kansas City,MO,2017,488825,237521,251304,24.9,16.5,15.7,12.0,12.2,18.6,"Kansas City, MO"
Kansas City,MO,2018,491809,240320,251489,24.9,16.4,15.8,11.3,12.4,19.2,"Kansas City, MO"
St. Louis,MO,2010,319156,154585,164571,24.3,19.1,14.9,12.6,12.9,16.3,"St. Louis, MO"
St. Louis,MO,2011,318069,154173,163896,24.1,19.200000000000006,14.1,13.2,13.5,16.0,"St. Louis, MO"
St. Louis,MO,2012,318172,153196,164976,24.4,18.4,14.6,12.7,13.0,17.0,"St. Louis, MO"
St. Louis,MO,2013,318416,154551,163865,23.1,18.5,16.1,11.7,13.7,17.0,"St. Louis, MO"
St. Louis,MO,2014,317419,153044,164375,23.0,18.0,15.9,12.2,13.7,17.6,"St. Louis, MO"
St. Louis,MO,2015,315685,153026,162659,22.5,18.200000000000006,17.200000000000006,10.9,14.0,17.3,"St. Louis, MO"
St. Louis,MO,2016,311404,150976,160428,22.3,17.9,16.3,11.9,12.6,19.000000000000004,"St. Louis, MO"
St. Louis,MO,2017,308626,149544,159082,21.7,17.8,16.6,11.5,12.9,19.5,"St. Louis, MO"
St. Louis,MO,2018,302838,146922,155916,20.700000000000006,18.1,15.9,12.2,12.0,20.9,"St. Louis, MO"
Lincoln,NE,2010,259041,129404,129637,26.8,20.5,13.1,12.2,12.2,15.3,"Lincoln, NE"
Lincoln,NE,2011,262350,131777,130573,26.9,20.3,13.7,11.3,11.5,16.5,"Lincoln, NE"
Lincoln,NE,2012,265389,132472,132917,26.5,19.9,14.3,10.6,11.9,16.7,"Lincoln, NE"
Lincoln,NE,2013,268743,134460,134283,26.9,19.4,13.2,11.8,11.2,17.400000000000002,"Lincoln, NE"
Lincoln,NE,2014,273002,134320,138682,26.9,19.4,14.0,11.3,11.6,17.0,"Lincoln, NE"
Lincoln,NE,2015,277346,138544,138802,26.700000000000006,19.6,14.1,11.3,11.5,16.900000000000002,"Lincoln, NE"
Lincoln,NE,2016,280369,140163,140206,26.5,19.3,14.4,10.3,11.5,18.0,"Lincoln, NE"
Lincoln,NE,2017,284734,143324,141410,27.4,19.0,14.0,10.6,10.5,18.4,"Lincoln, NE"
Lincoln,NE,2018,287399,144380,143019,26.4,19.8,13.5,11.5,10.6,18.4,"Lincoln, NE"
Omaha,NE,2010,410269,201168,209101,28.3,16.4,13.0,13.6,12.5,16.0,"Omaha, NE"
Omaha,NE,2011,415076,202234,212842,27.4,16.7,12.9,13.1,13.3,16.500000000000004,"Omaha, NE"
Omaha,NE,2012,421564,205466,216098,28.2,16.1,14.0,12.0,12.9,16.8,"Omaha, NE"
Omaha,NE,2013,434353,214685,219668,27.8,15.6,14.7,11.4,13.2,17.5,"Omaha, NE"
Omaha,NE,2014,446618,221341,225277,27.8,15.7,14.2,12.1,13.0,17.300000000000004,"Omaha, NE"
Omaha,NE,2015,443887,218789,225098,27.3,15.7,14.7,11.2,12.7,18.1,"Omaha, NE"
Omaha,NE,2016,446956,220500,226456,27.4,15.4,14.4,12.0,12.5,18.5,"Omaha, NE"
Omaha,NE,2017,466903,230216,236687,27.7,15.2,15.0,10.8,12.8,18.5,"Omaha, NE"
Omaha,NE,2018,468267,232016,236251,27.4,15.2,14.3,11.6,12.1,19.4,"Omaha, NE"
Henderson,NV,2010,258138,128839,129299,25.700000000000006,10.8,13.6,14.5,13.9,21.5,"Henderson, NV"
Henderson,NV,2011,260072,120505,139567,24.7,11.3,13.5,13.7,14.8,22.0,"Henderson, NV"
Henderson,NV,2012,265688,129401,136287,23.2,12.5,12.0,15.2,13.7,23.2,"Henderson, NV"
Henderson,NV,2013,270798,130792,140006,23.5,11.3,12.3,16.200000000000006,12.8,24.0,"Henderson, NV"
Henderson,NV,2014,277458,136868,140590,22.3,12.6,12.4,14.4,13.6,24.700000000000006,"Henderson, NV"
Henderson,NV,2015,285658,139412,146246,22.7,10.2,13.5,13.7,13.2,26.700000000000006,"Henderson, NV"
Henderson,NV,2016,292977,145091,147886,23.6,11.0,12.1,13.7,13.2,26.5,"Henderson, NV"
Henderson,NV,2017,302535,148218,154317,22.5,10.8,13.2,13.4,12.3,27.8,"Henderson, NV"
Henderson,NV,2018,310374,151415,158959,24.0,11.0,12.6,13.9,13.3,25.3,"Henderson, NV"
Las Vegas,NV,2010,584641,296812,287829,26.7,14.1,13.5,14.9,12.8,18.1,"Las Vegas, NV"
Las Vegas,NV,2011,589340,303067,286273,28.2,12.7,14.1,15.2,11.9,17.8,"Las Vegas, NV"
Las Vegas,NV,2012,596440,298671,297769,26.4,13.5,14.1,14.2,12.7,18.9,"Las Vegas, NV"
Las Vegas,NV,2013,603525,303074,300451,27.2,13.5,14.0,13.9,13.5,18.0,"Las Vegas, NV"
Las Vegas,NV,2014,613590,310765,302825,27.0,14.5,14.1,13.9,12.8,17.8,"Las Vegas, NV"
Las Vegas,NV,2015,623769,310568,313201,26.5,13.3,13.2,14.0,13.6,19.4,"Las Vegas, NV"
Las Vegas,NV,2016,632916,315737,317179,26.200000000000006,12.9,13.8,14.2,12.3,20.7,"Las Vegas, NV"
Las Vegas,NV,2017,641708,320805,320903,25.8,12.7,14.0,14.0,13.6,19.8,"Las Vegas, NV"
Las Vegas,NV,2018,644664,321489,323175,26.1,13.3,13.0,14.3,12.2,21.0,"Las Vegas, NV"
Reno,NV,2010,225818,116337,109481,26.500000000000004,17.2,14.1,12.1,11.7,18.2,"Reno, NV"
Reno,NV,2011,227509,117029,110480,25.9,16.799999999999994,13.5,13.9,11.2,18.5,"Reno, NV"
Reno,NV,2012,231004,115821,115183,25.8,17.3,13.5,13.0,12.0,18.200000000000006,"Reno, NV"
Reno,NV,2013,233306,118707,114599,26.000000000000004,16.299999999999994,13.9,13.4,12.9,17.5,"Reno, NV"
Reno,NV,2014,236995,119011,117984,24.0,17.5,14.1,12.1,13.4,19.0,"Reno, NV"
Reno,NV,2015,241443,122292,119151,24.4,17.4,13.7,12.0,12.3,19.9,"Reno, NV"
Reno,NV,2016,245251,124768,120483,24.5,16.5,14.8,12.0,12.2,20.000000000000004,"Reno, NV"
Reno,NV,2017,248860,123719,125141,25.4,17.5,13.6,11.4,13.1,19.000000000000004,"Reno, NV"
Reno,NV,2018,250989,125566,125423,23.0,16.9,13.9,12.2,11.6,22.300000000000004,"Reno, NV"
Newark,NJ,2010,277232,138580,138652,29.700000000000006,16.9,16.8,13.7,10.4,12.5,"Newark, NJ"
Newark,NJ,2011,277545,140926,136619,29.3,17.4,15.6,14.1,12.1,11.500000000000002,"Newark, NJ"
Newark,NJ,2012,277718,135983,141735,29.6,16.700000000000006,15.7,14.2,11.5,12.2,"Newark, NJ"
Newark,NJ,2013,278436,140692,137744,28.2,17.0,15.2,14.9,11.8,12.900000000000002,"Newark, NJ"
Newark,NJ,2014,280577,138841,141736,29.1,17.700000000000006,14.8,13.8,11.8,12.7,"Newark, NJ"
Newark,NJ,2015,281913,138040,143873,27.7,15.9,14.9,14.4,11.4,15.8,"Newark, NJ"
Newark,NJ,2016,281770,137771,143999,26.1,17.0,15.7,13.8,12.5,14.8,"Newark, NJ"
Newark,NJ,2017,285156,138029,147127,27.4,15.1,15.3,14.5,11.8,16.000000000000004,"Newark, NJ"
Newark,NJ,2018,282102,136968,145134,27.3,16.1,15.8,12.6,12.8,15.2,"Newark, NJ"
Albuquerque,NM,2010,547585,266622,280963,26.8,15.7,14.2,13.2,12.8,17.5,"Albuquerque, NM"
Albuquerque,NM,2011,552801,268747,284054,26.5,15.6,13.7,13.0,13.2,17.9,"Albuquerque, NM"
Albuquerque,NM,2012,555419,269330,286089,26.4,15.9,13.6,12.8,12.6,18.7,"Albuquerque, NM"
Albuquerque,NM,2013,556489,271156,285333,26.0,15.4,14.5,12.2,13.2,18.9,"Albuquerque, NM"
Albuquerque,NM,2014,557172,270432,286740,25.9,15.7,14.0,12.3,12.9,19.3,"Albuquerque, NM"
Albuquerque,NM,2015,559131,273323,285808,25.300000000000004,15.1,14.9,11.8,12.8,19.7,"Albuquerque, NM"
Albuquerque,NM,2016,559270,273023,286247,25.5,14.5,14.5,12.1,12.7,20.6,"Albuquerque, NM"
Albuquerque,NM,2017,558558,272308,286250,25.3,14.5,14.5,11.9,12.2,21.5,"Albuquerque, NM"
Albuquerque,NM,2018,560234,273480,286754,24.1,14.8,15.0,11.6,12.7,21.7,"Albuquerque, NM"
Buffalo,NY,2010,261210,123608,137602,26.6,19.0,11.8,12.0,14.5,16.2,"Buffalo, NY"
Buffalo,NY,2011,261004,124748,136256,26.9,18.1,12.9,12.0,13.9,16.3,"Buffalo, NY"
Buffalo,NY,2012,259386,123034,136352,26.9,18.9,12.8,11.5,13.8,15.999999999999998,"Buffalo, NY"
Buffalo,NY,2013,258945,126110,132835,26.5,18.1,13.1,11.9,13.1,17.4,"Buffalo, NY"
Buffalo,NY,2014,258699,122130,136569,26.200000000000006,19.3,13.1,10.9,12.5,17.9,"Buffalo, NY"
Buffalo,NY,2015,258066,124537,133529,26.0,19.2,13.2,10.9,12.9,17.900000000000006,"Buffalo, NY"
Buffalo,NY,2016,256908,123296,133612,26.0,19.2,14.9,10.0,11.9,17.9,"Buffalo, NY"
Buffalo,NY,2017,258592,123489,135103,25.4,19.2,13.9,11.3,12.5,17.6,"Buffalo, NY"
Buffalo,NY,2018,256322,123429,132893,26.9,17.6,14.6,11.2,11.2,18.5,"Buffalo, NY"
New York,NY,2010,8184899,3887304,4297595,24.3,16.8,15.1,14.0,12.4,17.3,"New York, NY"
New York,NY,2011,8244910,3925290,4319620,24.1,16.8,15.3,13.7,12.6,17.5,"New York, NY"
New York,NY,2012,8336697,3971426,4365271,23.8,16.8,15.4,13.6,12.5,17.9,"New York, NY"
New York,NY,2013,8405837,4010741,4395096,23.5,16.6,15.6,13.4,12.6,18.1,"New York, NY"
New York,NY,2014,8491079,4046394,4444685,23.5,16.6,15.7,13.3,12.7,18.2,"New York, NY"
New York,NY,2015,8550405,4081698,4468707,23.3,16.5,15.8,13.0,12.7,18.500000000000004,"New York, NY"
New York,NY,2016,8537673,4075642,4462031,23.3,16.3,15.9,12.9,12.5,19.2,"New York, NY"
New York,NY,2017,8622698,4112539,4510159,22.8,16.1,15.9,12.8,12.4,20.1,"New York, NY"
New York,NY,2018,8398748,4003933,4394815,22.9,15.6,15.8,12.7,12.5,20.5,"New York, NY"
Rochester,NY,2010,210595,100160,110435,28.8,19.5,14.0,12.3,12.5,12.8,"Rochester, NY"
Rochester,NY,2011,210850,101831,109019,28.5,20.5,13.0,11.9,12.2,13.9,"Rochester, NY"
Rochester,NY,2012,210521,102531,107990,26.1,20.0,13.0,12.3,13.2,15.3,"Rochester, NY"
Rochester,NY,2013,210345,103067,107278,28.200000000000006,19.8,13.2,11.6,11.6,15.699999999999998,"Rochester, NY"
Rochester,NY,2014,209974,101498,108476,27.000000000000004,19.700000000000006,13.8,11.8,11.6,16.0,"Rochester, NY"
Rochester,NY,2015,209808,100135,109673,27.6,19.9,13.8,11.7,12.1,15.0,"Rochester, NY"
Rochester,NY,2016,208886,101014,107872,26.500000000000004,20.9,13.9,11.4,12.5,14.9,"Rochester, NY"
Rochester,NY,2017,208049,100561,107488,24.5,20.0,15.3,10.1,13.2,16.900000000000002,"Rochester, NY"
Rochester,NY,2018,206290,99175,107115,25.6,21.0,14.4,10.9,11.5,16.6,"Rochester, NY"
Syracuse,NY,2010,145216,69341,75875,31.6,20.7,11.4,10.6,11.7,14.2,"Syracuse, NY"
Syracuse,NY,2011,145150,68475,76675,30.6,20.3,10.3,10.9,12.3,15.7,"Syracuse, NY"
Syracuse,NY,2012,144161,68739,75422,30.2,20.0,11.9,10.5,11.0,16.3,"Syracuse, NY"
Syracuse,NY,2013,144675,67528,77147,28.0,20.5,11.8,10.7,12.1,16.799999999999994,"Syracuse, NY"
Syracuse,NY,2014,144263,66701,77562,30.1,20.0,12.8,10.1,9.8,17.099999999999998,"Syracuse, NY"
Syracuse,NY,2015,144152,69462,74690,29.3,20.3,12.1,9.5,10.3,18.4,"Syracuse, NY"
Syracuse,NY,2016,143378,68132,75246,27.3,19.6,13.9,8.5,12.2,18.6,"Syracuse, NY"
Syracuse,NY,2017,143398,67752,75646,30.3,18.6,11.5,10.4,12.3,16.9,"Syracuse, NY"
Syracuse,NY,2018,142740,68926,73814,29.2,20.0,12.8,10.8,10.5,16.8,"Syracuse, NY"
Charlotte,NC,2010,734418,353327,381091,28.1,16.3,16.8,14.3,11.7,13.000000000000002,"Charlotte, NC"
Charlotte,NC,2011,751074,360553,390521,27.9,16.0,16.6,14.4,11.4,13.7,"Charlotte, NC"
Charlotte,NC,2012,775208,372991,402217,27.5,16.4,16.4,14.3,12.2,13.2,"Charlotte, NC"
Charlotte,NC,2013,792849,378742,414107,27.6,16.200000000000006,16.5,14.5,11.8,13.3,"Charlotte, NC"
Charlotte,NC,2014,809974,387737,422237,26.9,16.5,16.1,14.5,12.2,13.7,"Charlotte, NC"
Charlotte,NC,2015,827121,396646,430475,26.1,16.2,16.299999999999994,14.2,12.1,15.099999999999998,"Charlotte, NC"
Charlotte,NC,2016,842029,403118,438911,26.8,16.2,16.2,14.4,11.9,14.5,"Charlotte, NC"
Charlotte,NC,2017,859052,413747,445305,25.8,16.8,16.4,13.6,12.7,14.9,"Charlotte, NC"
Charlotte,NC,2018,872506,421513,450993,25.500000000000004,16.4,16.6,13.6,11.9,15.999999999999998,"Charlotte, NC"
Durham,NC,2010,229029,107619,121410,26.300000000000004,19.4,17.1,12.0,11.4,13.7,"Durham, NC"
Durham,NC,2011,233210,109615,123595,26.8,18.6,16.0,12.8,12.1,13.7,"Durham, NC"
Durham,NC,2012,239320,112315,127005,26.200000000000006,18.3,16.3,13.2,11.0,14.900000000000002,"Durham, NC"
Durham,NC,2013,245466,114919,130547,25.8,18.3,17.0,13.2,11.8,13.9,"Durham, NC"
Durham,NC,2014,251872,118719,133153,25.1,17.700000000000006,16.299999999999994,13.0,11.3,16.4,"Durham, NC"
Durham,NC,2015,257598,121153,136445,25.4,18.2,17.0,12.8,11.1,15.4,"Durham, NC"
Durham,NC,2016,262989,123173,139816,24.700000000000006,18.9,16.6,13.2,11.2,15.3,"Durham, NC"
Durham,NC,2017,267932,124894,143038,24.200000000000006,17.8,16.9,12.5,11.2,17.2,"Durham, NC"
Durham,NC,2018,274497,129912,144585,24.2,17.2,17.3,12.6,10.9,17.7,"Durham, NC"
Greensboro,NC,2010,270357,127295,143062,25.9,18.2,13.7,12.9,11.6,17.7,"Greensboro, NC"
Greensboro,NC,2011,273419,127597,145822,26.1,18.5,13.3,13.1,12.6,16.5,"Greensboro, NC"
Greensboro,NC,2012,277095,132167,144928,26.8,18.0,13.3,13.3,11.6,17.1,"Greensboro, NC"
Greensboro,NC,2013,279651,132489,147162,25.6,17.2,14.1,12.9,12.2,18.1,"Greensboro, NC"
Greensboro,NC,2014,282558,130369,152189,26.4,17.1,14.7,12.1,12.4,17.400000000000002,"Greensboro, NC"
Greensboro,NC,2015,285344,132251,153093,25.7,16.5,13.4,13.0,12.0,19.500000000000004,"Greensboro, NC"
Greensboro,NC,2016,287019,133246,153773,26.0,17.8,13.9,11.6,12.1,18.2,"Greensboro, NC"
Greensboro,NC,2017,290201,136581,153620,24.800000000000004,16.9,13.1,12.8,12.9,19.4,"Greensboro, NC"
Greensboro,NC,2018,294726,138206,156520,25.7,16.1,14.7,11.5,12.3,19.7,"Greensboro, NC"
Raleigh,NC,2010,406609,196072,210537,27.2,19.2,16.4,13.2,11.6,12.499999999999998,"Raleigh, NC"
Raleigh,NC,2011,416126,201006,215120,28.0,18.3,16.6,15.1,10.0,11.8,"Raleigh, NC"
Raleigh,NC,2012,423743,202748,220995,26.3,19.4,16.3,14.0,11.1,12.9,"Raleigh, NC"
Raleigh,NC,2013,431897,208659,223238,26.6,18.6,17.2,12.9,11.5,13.2,"Raleigh, NC"
Raleigh,NC,2014,439884,214254,225630,26.200000000000006,18.8,16.8,13.7,11.0,13.6,"Raleigh, NC"
Raleigh,NC,2015,451949,219184,232765,25.8,19.7,16.1,12.8,12.2,13.4,"Raleigh, NC"
Raleigh,NC,2016,458862,218960,239902,24.1,19.3,16.5,13.7,11.5,14.9,"Raleigh, NC"
Raleigh,NC,2017,464972,225445,239527,24.8,18.9,17.1,13.8,10.6,14.7,"Raleigh, NC"
Raleigh,NC,2018,470509,228779,241730,24.2,18.2,16.2,13.5,11.5,16.0,"Raleigh, NC"
Winston Salem,NC,2010,230044,107510,122534,29.0,15.3,13.5,13.4,11.8,16.9,"Winston Salem, NC"
Winston Salem,NC,2011,232397,108495,123902,28.3,15.2,13.5,12.0,12.7,18.5,"Winston Salem, NC"
Winston Salem,NC,2012,234354,110099,124255,27.700000000000006,16.2,12.8,13.1,12.4,17.8,"Winston Salem, NC"
Winston Salem,NC,2013,236457,110760,125697,27.9,15.1,12.9,13.0,12.9,18.3,"Winston Salem, NC"
Winston Salem,NC,2014,239273,112641,126632,27.5,15.6,12.4,13.6,12.6,18.4,"Winston Salem, NC"
Winston Salem,NC,2015,241232,112520,128712,27.9,16.1,12.9,11.3,13.0,18.9,"Winston Salem, NC"
Winston Salem,NC,2016,242200,113238,128962,27.300000000000004,14.2,13.7,11.4,12.8,20.7,"Winston Salem, NC"
Winston Salem,NC,2017,244592,115929,128663,26.2,15.1,13.6,11.9,13.2,19.9,"Winston Salem, NC"
Winston Salem,NC,2018,246334,117797,128537,27.4,15.4,12.6,12.6,12.4,19.500000000000004,"Winston Salem, NC"
Akron,OH,2010,199030,95259,103771,27.700000000000006,16.4,11.6,12.5,13.8,17.799999999999994,"Akron, OH"
Akron,OH,2011,198415,94249,104166,26.5,16.0,11.8,12.7,14.3,18.8,"Akron, OH"
Akron,OH,2012,198551,95383,103168,26.9,16.8,11.2,13.4,14.1,17.7,"Akron, OH"
Akron,OH,2013,198095,95758,102337,24.8,16.7,12.8,12.5,13.8,19.5,"Akron, OH"
Akron,OH,2014,197846,95194,102652,24.5,15.5,12.8,13.1,13.9,20.3,"Akron, OH"
Akron,OH,2015,197553,96886,100667,23.9,15.6,12.7,12.8,13.9,21.2,"Akron, OH"
Akron,OH,2016,197634,93194,104440,24.4,17.0,12.1,11.8,13.5,21.3,"Akron, OH"
Akron,OH,2017,197849,93399,104450,23.9,17.8,12.1,11.6,12.9,21.6,"Akron, OH"
Akron,OH,2018,198025,96018,102007,24.200000000000006,17.1,12.9,10.8,12.5,22.4,"Akron, OH"
Cincinnati,OH,2010,296907,143338,153569,25.5,20.4,13.4,11.8,14.0,15.100000000000005,"Cincinnati, OH"
Cincinnati,OH,2011,296236,139314,156922,26.0,19.8,12.2,12.1,12.7,17.099999999999998,"Cincinnati, OH"
Cincinnati,OH,2012,296552,140789,155763,26.8,19.9,13.4,11.0,12.7,16.4,"Cincinnati, OH"
Cincinnati,OH,2013,297498,145142,152356,25.7,19.6,14.0,11.3,13.0,16.5,"Cincinnati, OH"
Cincinnati,OH,2014,298162,142163,155999,25.1,19.9,14.0,10.8,12.8,17.6,"Cincinnati, OH"
Cincinnati,OH,2015,298537,143654,154883,25.5,19.3,13.8,10.7,12.4,18.4,"Cincinnati, OH"
Cincinnati,OH,2016,298802,143760,155042,26.4,19.6,14.4,11.0,10.3,18.4,"Cincinnati, OH"
Cincinnati,OH,2017,301305,146042,155263,25.5,19.8,14.3,11.4,10.6,18.4,"Cincinnati, OH"
Cincinnati,OH,2018,302615,146754,155861,25.4,19.6,14.6,10.5,11.2,18.7,"Cincinnati, OH"
Cleveland,OH,2010,396240,187130,209110,27.1,15.0,12.1,14.0,14.4,17.5,"Cleveland, OH"
Cleveland,OH,2011,393804,188327,205477,25.5,14.9,12.8,13.4,15.0,18.5,"Cleveland, OH"
Cleveland,OH,2012,390923,186203,204720,26.9,15.7,12.2,13.2,14.5,17.7,"Cleveland, OH"
Cleveland,OH,2013,390106,187433,202673,26.0,16.8,12.2,12.2,15.0,17.7,"Cleveland, OH"
Cleveland,OH,2014,389524,185881,203643,27.5,15.9,12.9,11.9,13.9,18.2,"Cleveland, OH"
Cleveland,OH,2015,388059,186436,201623,25.2,16.700000000000006,12.8,11.6,14.0,19.9,"Cleveland, OH"
Cleveland,OH,2016,385810,189401,196409,24.9,16.799999999999994,12.4,11.9,14.5,19.5,"Cleveland, OH"
Cleveland,OH,2017,385552,182588,202964,25.4,15.8,13.6,11.1,14.3,19.8,"Cleveland, OH"
Cleveland,OH,2018,383781,188481,195300,24.0,17.0,13.2,10.8,14.1,21.0,"Cleveland, OH"
Columbus,OH,2010,789939,382982,406957,26.800000000000004,20.3,16.299999999999994,12.4,11.5,12.499999999999998,"Columbus, OH"
Columbus,OH,2011,796014,388935,407079,26.5,20.3,15.6,12.4,11.8,13.4,"Columbus, OH"
Columbus,OH,2012,809890,395576,414314,26.0,20.1,16.0,12.6,11.8,13.6,"Columbus, OH"
Columbus,OH,2013,822762,401455,421307,26.3,19.6,16.1,12.4,11.8,13.9,"Columbus, OH"
Columbus,OH,2014,836293,402972,433321,25.9,20.6,15.9,12.3,11.5,13.9,"Columbus, OH"
Columbus,OH,2015,849067,413981,435086,25.5,20.1,16.2,11.8,11.6,14.7,"Columbus, OH"
Columbus,OH,2016,862643,420416,442227,26.0,19.7,16.4,11.8,11.6,14.5,"Columbus, OH"
Columbus,OH,2017,881901,432198,449703,25.800000000000004,19.9,16.5,11.5,11.3,15.1,"Columbus, OH"
Columbus,OH,2018,895877,437213,458664,25.8,19.4,16.4,11.7,10.6,16.0,"Columbus, OH"
Oklahoma City,OK,2010,582278,287763,294515,27.3,16.6,14.5,12.5,12.3,16.7,"Oklahoma City, OK"
Oklahoma City,OK,2011,591912,293977,297935,27.9,16.8,14.0,12.4,12.7,16.400000000000002,"Oklahoma City, OK"
Oklahoma City,OK,2012,599309,294837,304472,28.0,15.9,14.4,12.3,13.1,16.4,"Oklahoma City, OK"
Oklahoma City,OK,2013,610617,300775,309842,27.200000000000006,16.3,13.8,12.6,13.0,17.1,"Oklahoma City, OK"
Oklahoma City,OK,2014,620553,304143,316410,27.5,15.1,15.1,12.2,12.9,17.1,"Oklahoma City, OK"
Oklahoma City,OK,2015,631263,309227,322036,28.2,14.9,14.9,12.2,12.4,17.2,"Oklahoma City, OK"
Oklahoma City,OK,2016,638311,312300,326011,28.2,15.4,14.4,12.4,12.3,17.400000000000002,"Oklahoma City, OK"
Oklahoma City,OK,2017,643574,319377,324197,28.800000000000004,14.5,14.9,12.0,11.9,17.9,"Oklahoma City, OK"
Oklahoma City,OK,2018,649410,318760,330650,28.1,14.9,15.4,11.9,11.8,18.1,"Oklahoma City, OK"
Tulsa,OK,2010,393577,187877,205700,27.6,15.2,14.1,11.7,13.7,17.8,"Tulsa, OK"
Tulsa,OK,2011,396039,191456,204583,27.3,15.9,13.6,12.1,13.2,18.0,"Tulsa, OK"
Tulsa,OK,2012,394098,192172,201926,27.0,16.2,13.1,12.0,13.9,17.8,"Tulsa, OK"
Tulsa,OK,2013,398724,194834,203890,27.0,16.299999999999994,13.4,11.6,13.4,18.4,"Tulsa, OK"
Tulsa,OK,2014,399274,192046,207228,26.700000000000006,15.7,13.3,12.1,12.6,19.6,"Tulsa, OK"
Tulsa,OK,2015,403091,197437,205654,27.000000000000004,15.5,13.9,11.5,12.7,19.3,"Tulsa, OK"
Tulsa,OK,2016,403622,196133,207489,27.6,15.7,13.6,11.6,12.4,19.200000000000006,"Tulsa, OK"
Tulsa,OK,2017,402227,193052,209175,26.6,15.5,13.5,11.8,12.8,19.7,"Tulsa, OK"
Tulsa,OK,2018,401112,194240,206872,27.0,14.8,14.2,11.6,11.7,20.5,"Tulsa, OK"
Portland,OR,2010,585429,290792,294637,21.8,17.9,17.4,13.9,13.0,15.800000000000002,"Portland, OR"
Portland,OR,2011,595325,295365,299960,21.7,16.6,18.5,14.5,12.8,16.0,"Portland, OR"
Portland,OR,2012,603650,297942,305708,21.3,15.9,19.0,14.5,12.7,16.7,"Portland, OR"
Portland,OR,2013,611134,302285,308849,20.5,16.4,19.1,14.2,12.5,17.299999999999994,"Portland, OR"
Portland,OR,2014,619445,304728,314717,20.7,15.9,18.5,15.1,12.5,17.4,"Portland, OR"
Portland,OR,2015,632187,313516,318671,20.4,16.2,19.9,14.0,11.5,18.2,"Portland, OR"
Portland,OR,2016,639635,316918,322717,20.1,16.0,19.5,14.6,11.3,18.4,"Portland, OR"
Portland,OR,2017,648121,321499,326622,20.5,16.1,18.7,15.1,11.2,18.3,"Portland, OR"
Portland,OR,2018,652573,322810,329763,19.7,15.4,19.200000000000006,15.1,12.0,18.5,"Portland, OR"
Philadelphia,PA,2010,1528306,721806,806500,26.1,18.5,13.4,12.6,12.2,17.3,"Philadelphia, PA"
Philadelphia,PA,2011,1536471,725192,811279,25.9,18.6,13.8,12.2,12.2,17.2,"Philadelphia, PA"
Philadelphia,PA,2012,1547607,731316,816291,25.8,18.6,13.7,12.2,12.4,17.2,"Philadelphia, PA"
Philadelphia,PA,2013,1553165,734249,818916,25.4,18.4,14.4,12.0,12.2,17.799999999999994,"Philadelphia, PA"
Philadelphia,PA,2014,1560297,737581,822716,25.3,18.4,14.7,11.5,12.3,17.8,"Philadelphia, PA"
Philadelphia,PA,2015,1567442,741270,826172,25.0,18.200000000000006,15.0,11.5,12.5,17.7,"Philadelphia, PA"
Philadelphia,PA,2016,1567872,743380,824492,25.0,18.0,15.1,11.5,12.2,18.200000000000006,"Philadelphia, PA"
Philadelphia,PA,2017,1580863,748125,832738,24.6,17.700000000000006,15.3,11.5,11.7,19.3,"Philadelphia, PA"
Philadelphia,PA,2018,1584138,750017,834121,24.6,17.2,15.8,11.3,11.7,19.4,"Philadelphia, PA"
Pittsburgh,PA,2010,305759,145942,159817,23.2,21.8,12.8,10.8,12.7,18.5,"Pittsburgh, PA"
Pittsburgh,PA,2011,307498,149140,158358,21.6,22.1,12.5,11.0,13.0,19.700000000000006,"Pittsburgh, PA"
Pittsburgh,PA,2012,306212,148331,157881,21.8,23.0,13.6,10.3,12.3,19.1,"Pittsburgh, PA"
Pittsburgh,PA,2013,305838,147786,158052,21.4,22.1,14.9,9.4,11.9,20.1,"Pittsburgh, PA"
Pittsburgh,PA,2014,305434,149146,156288,20.9,24.0,13.5,10.0,12.4,19.2,"Pittsburgh, PA"
Pittsburgh,PA,2015,304385,149690,154695,20.7,24.5,14.0,8.5,11.2,21.0,"Pittsburgh, PA"
Pittsburgh,PA,2016,303624,149497,154127,20.0,23.5,14.1,9.5,12.6,20.2,"Pittsburgh, PA"
Pittsburgh,PA,2017,302414,149787,152627,19.1,24.5,14.9,8.7,11.1,21.700000000000006,"Pittsburgh, PA"
Pittsburgh,PA,2018,301038,143718,157320,19.4,22.9,15.9,9.1,10.7,22.0,"Pittsburgh, PA"
Providence,RI,2010,178162,86777,91385,31.5,22.8,13.1,10.6,9.6,12.6,"Providence, RI"
Providence,RI,2011,178059,85247,92812,28.700000000000006,22.3,13.3,12.2,10.1,13.500000000000002,"Providence, RI"
Providence,RI,2012,178438,87262,91176,28.300000000000004,24.0,13.5,11.5,10.7,11.999999999999998,"Providence, RI"
Providence,RI,2013,177995,87505,90490,29.0,22.3,14.3,11.4,10.4,12.5,"Providence, RI"
Providence,RI,2014,179142,85645,93497,27.200000000000006,24.4,14.1,10.8,10.5,12.9,"Providence, RI"
Providence,RI,2015,179204,89090,90114,29.3,20.9,15.0,10.8,10.2,13.8,"Providence, RI"
Providence,RI,2016,179214,86129,93085,28.9,22.200000000000006,13.9,12.0,10.2,12.9,"Providence, RI"
Providence,RI,2017,180388,87472,92916,27.9,18.9,13.5,11.6,11.1,16.799999999999994,"Providence, RI"
Providence,RI,2018,179335,86616,92719,29.3,19.7,14.6,10.9,9.3,16.099999999999998,"Providence, RI"
Chattanooga,TN,2010,168075,79875,88200,24.4,16.2,13.1,12.6,13.2,20.6,"Chattanooga, TN"
Chattanooga,TN,2011,170136,81028,89108,25.0,15.5,14.2,12.0,12.7,20.5,"Chattanooga, TN"
Chattanooga,TN,2012,171282,83520,87762,24.1,16.9,12.5,12.1,13.4,21.2,"Chattanooga, TN"
Chattanooga,TN,2013,173375,82956,90419,25.6,15.6,13.3,11.9,13.2,20.3,"Chattanooga, TN"
Chattanooga,TN,2014,173778,82625,91153,22.8,16.2,13.4,11.8,13.7,21.8,"Chattanooga, TN"
Chattanooga,TN,2015,176597,83640,92957,24.6,16.3,12.9,11.7,13.7,20.6,"Chattanooga, TN"
Chattanooga,TN,2016,177582,83440,94142,22.9,16.8,14.8,11.1,13.4,21.1,"Chattanooga, TN"
Chattanooga,TN,2017,179130,82083,97047,22.5,16.1,14.2,10.7,12.1,24.3,"Chattanooga, TN"
Chattanooga,TN,2018,180551,84488,96063,22.200000000000006,16.299999999999994,14.1,11.7,12.1,23.6,"Chattanooga, TN"
Knoxville,TN,2010,179226,85012,94214,23.6,20.8,12.1,11.6,11.9,20.000000000000004,"Knoxville, TN"
Knoxville,TN,2011,180753,89578,91175,22.5,21.3,13.6,12.1,12.4,18.200000000000006,"Knoxville, TN"
Knoxville,TN,2012,182196,86097,96099,20.6,22.6,12.7,10.6,12.4,21.1,"Knoxville, TN"
Knoxville,TN,2013,183261,86650,96611,23.0,22.3,13.8,10.9,12.3,18.0,"Knoxville, TN"
Knoxville,TN,2014,184292,88110,96182,24.7,22.0,12.7,11.2,11.0,18.5,"Knoxville, TN"
Knoxville,TN,2015,185312,89978,95334,22.6,22.0,14.9,10.6,11.9,17.9,"Knoxville, TN"
Knoxville,TN,2016,186238,89619,96619,22.4,24.1,14.0,10.0,11.4,18.1,"Knoxville, TN"
Knoxville,TN,2017,187344,90919,96425,24.5,22.2,13.8,10.8,11.3,17.4,"Knoxville, TN"
Knoxville,TN,2018,187514,90322,97192,21.9,23.0,12.9,11.6,12.0,18.6,"Knoxville, TN"
Memphis,TN,2010,647870,308906,338964,28.8,16.299999999999994,13.3,12.9,13.8,14.8,"Memphis, TN"
Memphis,TN,2011,652078,310415,341663,28.1,16.3,13.8,13.5,12.4,15.7,"Memphis, TN"
Memphis,TN,2012,655141,314253,340888,27.9,17.0,13.8,12.2,12.8,16.3,"Memphis, TN"
Memphis,TN,2013,653450,311131,342319,27.9,17.0,13.9,12.2,12.8,16.0,"Memphis, TN"
Memphis,TN,2014,656876,312021,344855,27.9,16.7,13.9,11.8,12.8,16.8,"Memphis, TN"
Memphis,TN,2015,655760,312237,343523,27.5,16.7,13.2,11.9,13.0,17.7,"Memphis, TN"
Memphis,TN,2016,652752,309773,342979,27.8,16.9,13.4,11.6,12.7,17.7,"Memphis, TN"
Memphis,TN,2017,652231,307409,344822,28.0,16.5,14.3,11.1,11.6,18.5,"Memphis, TN"
Memphis,TN,2018,650632,304415,346217,27.4,16.3,13.4,11.7,11.4,19.6,"Memphis, TN"
Nashville,TN,2010,602618,291520,311098,24.8,18.5,15.7,13.4,12.7,14.9,"Nashville, TN"
Nashville,TN,2011,609637,295606,314031,24.6,18.6,15.7,13.5,12.4,15.0,"Nashville, TN"
Nashville,TN,2012,623255,301627,321628,24.6,18.4,16.2,12.8,12.3,15.6,"Nashville, TN"
Nashville,TN,2013,634465,307078,327387,24.4,18.2,15.9,13.1,12.7,15.9,"Nashville, TN"
Nashville,TN,2014,644008,309656,334352,24.4,18.0,16.5,12.7,12.4,16.1,"Nashville, TN"
Nashville,TN,2015,654596,314231,340365,24.1,18.1,16.5,12.5,12.6,16.3,"Nashville, TN"
Nashville,TN,2016,660393,317555,342838,24.1,18.1,16.9,12.3,12.2,16.5,"Nashville, TN"
Nashville,TN,2017,665967,321749,344218,23.6,18.200000000000006,17.0,12.2,11.9,17.1,"Nashville, TN"
Nashville,TN,2018,665498,320837,344661,23.2,18.0,17.7,11.8,12.1,17.0,"Nashville, TN"
Arlington,TX,2010,367185,183376,183809,30.9,15.8,14.5,14.3,12.1,12.4,"Arlington, TX"
Arlington,TX,2011,373681,185705,187976,30.9,17.5,13.8,14.1,11.9,11.9,"Arlington, TX"
Arlington,TX,2012,375598,184403,191195,29.6,17.6,14.5,13.3,11.9,13.1,"Arlington, TX"
Arlington,TX,2013,379565,185091,194474,30.4,16.0,13.0,13.6,13.4,13.5,"Arlington, TX"
Arlington,TX,2014,383202,189540,193662,30.0,16.200000000000006,13.1,12.9,13.2,14.7,"Arlington, TX"
Arlington,TX,2015,388122,191060,197062,29.4,16.7,15.1,12.8,12.7,13.4,"Arlington, TX"
Arlington,TX,2016,392787,193410,199377,28.3,18.0,12.6,13.4,11.9,15.7,"Arlington, TX"
Arlington,TX,2017,396407,192415,203992,30.200000000000006,15.2,14.5,13.6,11.5,15.1,"Arlington, TX"
Arlington,TX,2018,398122,196792,201330,28.8,16.5,14.8,12.2,11.6,15.899999999999995,"Arlington, TX"
Austin,TX,2010,795518,402614,392904,25.9,22.2,17.4,12.8,10.7,10.8,"Austin, TX"
Austin,TX,2011,820601,414143,406458,25.200000000000006,22.0,18.1,12.7,10.6,11.5,"Austin, TX"
Austin,TX,2012,842595,424725,417870,24.8,21.2,18.7,12.9,11.1,11.3,"Austin, TX"
Austin,TX,2013,885415,444955,440460,25.0,20.5,18.2,13.1,11.3,12.1,"Austin, TX"
Austin,TX,2014,912798,463088,449710,24.1,20.1,18.9,13.3,11.1,12.2,"Austin, TX"
Austin,TX,2015,931840,475718,456122,23.6,20.3,18.7,14.0,10.5,13.000000000000002,"Austin, TX"
Austin,TX,2016,947897,480741,467156,24.2,19.7,19.4,13.9,10.2,12.700000000000005,"Austin, TX"
Austin,TX,2017,950714,481582,469132,23.0,19.2,19.8,13.3,10.9,13.7,"Austin, TX"
Austin,TX,2018,964243,486285,477958,22.6,19.3,19.4,13.8,10.7,14.1,"Austin, TX"
Corpus Christi,TX,2010,305442,150686,154756,28.9,14.8,13.8,12.4,12.7,17.5,"Corpus Christi, TX"
Corpus Christi,TX,2011,307954,150145,157809,29.0,14.6,12.4,13.2,13.4,17.5,"Corpus Christi, TX"
Corpus Christi,TX,2012,312192,153740,158452,28.1,15.2,13.1,12.4,13.6,17.5,"Corpus Christi, TX"
Corpus Christi,TX,2013,316389,154688,161701,28.3,15.1,13.2,12.0,13.8,17.5,"Corpus Christi, TX"
Corpus Christi,TX,2014,320431,156694,163737,28.1,15.0,13.3,12.3,12.2,19.1,"Corpus Christi, TX"
Corpus Christi,TX,2015,324082,160488,163594,27.9,15.0,13.4,11.7,13.0,18.8,"Corpus Christi, TX"
Corpus Christi,TX,2016,325734,162179,163555,27.6,14.9,14.0,11.6,12.7,19.1,"Corpus Christi, TX"
Corpus Christi,TX,2017,325600,160180,165420,27.8,14.5,14.3,11.5,12.2,19.6,"Corpus Christi, TX"
Corpus Christi,TX,2018,326566,160229,166337,28.1,13.8,14.6,12.0,11.4,20.0,"Corpus Christi, TX"
Dallas,TX,2010,1202797,605261,597536,28.9,17.8,15.9,13.6,10.7,13.0,"Dallas, TX"
Dallas,TX,2011,1223378,613811,609567,29.2,17.4,15.7,13.4,11.1,13.2,"Dallas, TX"
Dallas,TX,2012,1241108,626205,614903,27.9,17.5,16.1,13.3,11.0,14.2,"Dallas, TX"
Dallas,TX,2013,1257676,627752,629924,28.4,18.0,15.9,12.8,11.3,13.9,"Dallas, TX"
Dallas,TX,2014,1281031,637627,643404,28.7,17.1,16.0,13.2,11.2,13.8,"Dallas, TX"
Dallas,TX,2015,1300082,639019,661063,28.000000000000004,17.3,15.9,12.7,11.9,14.2,"Dallas, TX"
Dallas,TX,2016,1317942,655438,662504,27.4,17.6,15.7,12.8,11.5,14.7,"Dallas, TX"
Dallas,TX,2017,1341103,661926,679177,27.3,18.2,16.0,12.0,11.2,14.999999999999998,"Dallas, TX"
Dallas,TX,2018,1345076,669867,675209,27.0,17.0,16.6,12.9,10.7,15.7,"Dallas, TX"
El Paso,TX,2010,652113,312507,339606,32.0,14.8,12.9,12.9,11.8,15.8,"El Paso, TX"
El Paso,TX,2011,665577,317490,348087,31.5,15.6,12.6,12.8,11.9,15.6,"El Paso, TX"
El Paso,TX,2012,672534,326575,345959,31.5,15.1,12.6,12.6,11.9,16.099999999999998,"El Paso, TX"
El Paso,TX,2013,674438,327441,346997,31.1,15.8,13.2,12.2,11.3,16.299999999999994,"El Paso, TX"
El Paso,TX,2014,679024,333618,345406,30.200000000000006,15.5,12.7,12.8,11.9,16.9,"El Paso, TX"
El Paso,TX,2015,681136,332797,348339,29.5,16.2,12.2,13.0,11.8,17.099999999999998,"El Paso, TX"
El Paso,TX,2016,683088,334071,349017,30.200000000000006,16.0,13.2,11.9,10.8,17.8,"El Paso, TX"
El Paso,TX,2017,683583,334472,349111,29.8,15.7,13.0,12.2,11.7,17.6,"El Paso, TX"
El Paso,TX,2018,682686,334759,347927,29.3,16.299999999999994,13.3,11.9,11.0,18.2,"El Paso, TX"
Fort Worth,TX,2010,744114,367308,376806,31.9,15.7,15.5,13.9,11.1,11.8,"Fort Worth, TX"
Fort Worth,TX,2011,760758,363677,397081,32.4,15.3,15.5,14.2,10.4,12.3,"Fort Worth, TX"
Fort Worth,TX,2012,782027,381663,400364,31.8,14.6,16.0,13.4,10.8,13.4,"Fort Worth, TX"
Fort Worth,TX,2013,794189,389743,404446,31.500000000000004,15.6,15.7,13.3,11.4,12.5,"Fort Worth, TX"
Fort Worth,TX,2014,812553,391912,420641,30.9,15.3,15.5,13.6,11.9,12.9,"Fort Worth, TX"
Fort Worth,TX,2015,836969,414126,422843,30.9,15.1,14.8,13.5,11.3,14.3,"Fort Worth, TX"
Fort Worth,TX,2016,855897,421697,434200,31.1,14.6,16.4,12.9,10.8,14.1,"Fort Worth, TX"
Fort Worth,TX,2017,876060,427742,448318,29.800000000000004,15.6,15.4,13.5,11.0,14.9,"Fort Worth, TX"
Fort Worth,TX,2018,898919,442049,456870,30.4,14.7,15.4,13.1,11.7,14.8,"Fort Worth, TX"
Houston,TX,2010,2107208,1061518,1045690,28.4,17.5,15.7,13.0,11.7,13.5,"Houston, TX"
Houston,TX,2011,2145933,1073270,1072663,28.300000000000004,17.4,15.8,13.2,12.0,13.099999999999998,"Houston, TX"
Houston,TX,2012,2161686,1085083,1076603,28.200000000000006,17.3,15.6,13.0,11.8,14.099999999999998,"Houston, TX"
Houston,TX,2013,2197374,1101445,1095929,27.5,17.3,15.7,13.1,12.1,14.2,"Houston, TX"
Houston,TX,2014,2240796,1122825,1117971,27.4,17.8,15.9,13.1,11.6,14.099999999999998,"Houston, TX"
Houston,TX,2015,2298628,1149686,1148942,28.000000000000004,17.200000000000006,16.4,12.8,11.1,14.499999999999998,"Houston, TX"
Houston,TX,2016,2304388,1152283,1152105,27.6,17.2,15.7,12.8,11.8,15.0,"Houston, TX"
Houston,TX,2017,2313230,1156106,1157124,27.700000000000006,16.9,16.3,12.5,11.1,15.599999999999998,"Houston, TX"
Houston,TX,2018,2326090,1154069,1172021,27.3,17.1,16.4,12.7,11.0,15.6,"Houston, TX"
Irving,TX,2010,217139,106476,110663,31.3,16.0,20.0,12.8,10.1,9.7,"Irving, TX"
Irving,TX,2011,220699,112389,108310,28.7,17.1,18.1,14.2,11.0,10.9,"Irving, TX"
Irving,TX,2012,225427,106232,119195,28.4,16.1,18.8,14.3,11.6,10.7,"Irving, TX"
Irving,TX,2013,228652,115507,113145,29.4,16.700000000000006,19.3,13.1,10.5,10.8,"Irving, TX"
Irving,TX,2014,232413,113101,119312,30.6,17.299999999999994,18.4,13.1,9.4,11.1,"Irving, TX"
Irving,TX,2015,236617,117189,119428,29.5,16.1,18.4,14.8,11.1,10.1,"Irving, TX"
Irving,TX,2016,238284,117317,120967,28.6,17.5,18.1,13.9,10.5,11.7,"Irving, TX"
Irving,TX,2017,240369,122086,118283,30.5,15.1,18.200000000000006,14.7,10.1,11.2,"Irving, TX"
Irving,TX,2018,242228,121658,120570,29.6,16.8,17.8,13.6,11.6,10.4,"Irving, TX"
Laredo,TX,2010,237244,114913,122331,38.6,14.7,15.2,11.4,9.2,10.8,"Laredo, TX"
Laredo,TX,2011,241350,116681,124669,37.8,14.2,14.6,12.2,9.1,12.0,"Laredo, TX"
Laredo,TX,2012,244143,119111,125032,37.90000000000001,14.3,13.5,12.9,9.0,12.3,"Laredo, TX"
Laredo,TX,2013,249085,121967,127118,37.6,14.4,13.4,13.0,9.5,12.2,"Laredo, TX"
Laredo,TX,2014,253747,122936,130811,37.4,14.9,13.5,12.5,9.6,12.2,"Laredo, TX"
Laredo,TX,2015,255789,124305,131484,36.7,14.9,13.5,12.2,9.5,13.2,"Laredo, TX"
Laredo,TX,2016,257988,125058,132930,37.1,15.1,12.6,12.8,9.8,12.5,"Laredo, TX"
Laredo,TX,2017,261935,127842,134093,36.5,14.8,13.5,12.2,9.5,13.4,"Laredo, TX"
Laredo,TX,2018,259512,127654,131858,36.3,15.0,13.0,12.4,10.6,12.8,"Laredo, TX"
Lubbock,TX,2010,230734,115461,115273,29.5,21.1,11.9,10.7,10.9,16.0,"Lubbock, TX"
Lubbock,TX,2011,233735,115582,118153,28.8,22.2,11.5,11.3,11.0,15.2,"Lubbock, TX"
Lubbock,TX,2012,236060,115966,120094,27.9,22.9,11.8,10.4,10.8,16.2,"Lubbock, TX"
Lubbock,TX,2013,239544,116543,123001,29.1,21.8,12.9,10.2,10.6,15.6,"Lubbock, TX"
Lubbock,TX,2014,243843,118620,125223,28.000000000000004,22.2,13.3,9.6,10.9,16.0,"Lubbock, TX"
Lubbock,TX,2015,249051,122320,126731,28.8,22.4,13.2,9.1,10.3,16.2,"Lubbock, TX"
Lubbock,TX,2016,252514,126017,126497,28.0,22.4,13.5,9.2,10.5,16.4,"Lubbock, TX"
Lubbock,TX,2017,253887,123407,130480,27.8,22.1,12.4,10.2,10.3,17.1,"Lubbock, TX"
Lubbock,TX,2018,255885,125399,130486,28.4,21.700000000000006,11.9,10.7,9.9,17.4,"Lubbock, TX"
Plano,TX,2010,261697,129796,131901,28.1,10.9,13.8,17.2,15.7,14.2,"Plano, TX"
Plano,TX,2011,271380,138001,133379,27.200000000000006,13.3,14.3,15.9,13.9,15.399999999999995,"Plano, TX"
Plano,TX,2012,270816,134416,136400,28.1,11.2,14.2,15.7,16.0,14.9,"Plano, TX"
Plano,TX,2013,273519,132139,141380,27.1,12.2,13.1,16.9,15.3,15.4,"Plano, TX"
Plano,TX,2014,277910,138024,139886,26.2,11.4,13.6,16.0,15.1,17.7,"Plano, TX"
Plano,TX,2015,283619,138565,145054,25.5,13.1,14.0,14.8,15.5,17.3,"Plano, TX"
Plano,TX,2016,286047,140905,145142,26.200000000000006,11.6,14.7,15.4,15.3,16.8,"Plano, TX"
Plano,TX,2017,285312,141927,143385,24.2,12.1,15.1,14.1,14.9,19.4,"Plano, TX"
Plano,TX,2018,287765,143215,144550,25.0,12.6,14.9,15.2,13.2,19.1,"Plano, TX"
San Antonio,TX,2010,1334359,649633,684726,30.0,16.0,14.1,12.7,12.2,15.1,"San Antonio, TX"
San Antonio,TX,2011,1359730,660182,699548,29.5,16.0,13.9,13.0,11.8,15.7,"San Antonio, TX"
San Antonio,TX,2012,1383194,674220,708974,29.0,16.3,13.5,13.0,12.2,15.8,"San Antonio, TX"
San Antonio,TX,2013,1409000,692077,716923,28.7,16.6,13.8,13.0,11.7,16.200000000000006,"San Antonio, TX"
San Antonio,TX,2014,1436723,707621,729102,28.6,16.4,14.4,12.4,11.6,16.6,"San Antonio, TX"
San Antonio,TX,2015,1469824,721405,748419,28.3,16.6,14.4,12.2,12.0,16.4,"San Antonio, TX"
San Antonio,TX,2016,1492494,738297,754197,28.200000000000006,16.4,14.6,12.2,11.8,16.9,"San Antonio, TX"
San Antonio,TX,2017,1511913,745850,766063,27.8,16.4,14.3,12.5,11.8,17.0,"San Antonio, TX"
San Antonio,TX,2018,1532212,760783,771429,27.700000000000006,16.1,15.1,12.4,11.1,17.7,"San Antonio, TX"
Salt Lake City,UT,2010,187215,92378,94837,27.7,21.1,16.4,10.8,8.7,15.2,"Salt Lake City, UT"
Salt Lake City,UT,2011,189906,97530,92376,26.6,20.9,16.7,12.2,10.8,12.8,"Salt Lake City, UT"
Salt Lake City,UT,2012,189311,97343,91968,24.2,22.1,17.6,11.8,10.4,14.2,"Salt Lake City, UT"
Salt Lake City,UT,2013,191160,98142,93018,25.3,20.4,17.0,11.5,9.7,16.2,"Salt Lake City, UT"
Salt Lake City,UT,2014,190873,102744,88129,23.700000000000006,23.7,16.5,11.7,9.9,14.400000000000002,"Salt Lake City, UT"
Salt Lake City,UT,2015,192660,98364,94296,22.6,22.5,17.5,10.5,10.2,16.6,"Salt Lake City, UT"
Salt Lake City,UT,2016,193776,100186,93590,23.6,21.0,18.6,10.4,10.4,16.0,"Salt Lake City, UT"
Salt Lake City,UT,2017,200538,99185,101353,25.1,22.700000000000006,16.4,11.9,8.7,15.0,"Salt Lake City, UT"
Salt Lake City,UT,2018,200576,102709,97867,23.0,23.4,17.8,10.2,9.8,15.5,"Salt Lake City, UT"
Chesapeake,VA,2010,222986,108448,114538,28.6,12.6,12.4,16.3,14.4,15.5,"Chesapeake, VA"
Chesapeake,VA,2011,225050,109746,115304,28.1,13.1,12.4,15.5,14.5,16.2,"Chesapeake, VA"
Chesapeake,VA,2012,228417,111029,117388,27.6,13.6,12.9,14.7,15.0,16.3,"Chesapeake, VA"
Chesapeake,VA,2013,230571,113137,117434,26.6,14.5,12.9,14.3,14.8,17.1,"Chesapeake, VA"
Chesapeake,VA,2014,233371,113592,119779,26.8,13.6,13.6,13.7,15.4,16.8,"Chesapeake, VA"
Chesapeake,VA,2015,235429,114964,120465,26.6,13.8,14.2,12.6,15.0,17.6,"Chesapeake, VA"
Chesapeake,VA,2016,237940,116137,121803,26.2,13.9,13.5,13.4,14.4,18.4,"Chesapeake, VA"
Chesapeake,VA,2017,240397,117602,122795,26.6,13.3,14.2,12.9,13.8,19.3,"Chesapeake, VA"
Chesapeake,VA,2018,242634,118384,124250,26.5,13.0,14.6,12.7,14.0,19.1,"Chesapeake, VA"
Norfolk,VA,2010,243135,126067,117068,25.0,25.4,12.8,12.0,11.1,13.6,"Norfolk, VA"
Norfolk,VA,2011,242628,125041,117587,25.200000000000006,25.4,12.7,11.2,11.9,13.500000000000002,"Norfolk, VA"
Norfolk,VA,2012,245782,127912,117870,25.4,25.3,13.1,11.2,11.1,14.0,"Norfolk, VA"
Norfolk,VA,2013,246139,129237,116902,24.9,25.1,13.6,10.5,12.0,13.9,"Norfolk, VA"
Norfolk,VA,2014,245428,127888,117540,24.5,25.200000000000006,14.0,10.2,11.6,14.4,"Norfolk, VA"
Norfolk,VA,2015,246393,128917,117476,23.9,25.8,14.0,9.8,11.6,15.0,"Norfolk, VA"
Norfolk,VA,2016,245115,127741,117374,24.2,24.9,14.0,9.9,11.7,15.2,"Norfolk, VA"
Norfolk,VA,2017,244703,127975,116728,23.5,25.3,14.3,10.0,10.9,15.999999999999998,"Norfolk, VA"
Norfolk,VA,2018,244076,127098,116978,23.9,24.4,14.7,10.1,10.4,16.5,"Norfolk, VA"
Richmond,VA,2010,204389,97377,107012,24.2,22.6,13.2,11.6,13.3,15.0,"Richmond, VA"
Richmond,VA,2011,205533,98856,106677,23.200000000000006,23.1,12.5,12.4,11.8,17.0,"Richmond, VA"
Richmond,VA,2012,210309,99218,111091,24.1,22.2,13.0,11.8,12.6,16.599999999999998,"Richmond, VA"
Richmond,VA,2013,214114,102030,112084,22.4,22.1,14.2,11.5,12.7,17.2,"Richmond, VA"
Richmond,VA,2014,217853,104055,113798,22.3,21.9,15.6,10.4,12.5,17.3,"Richmond, VA"
Richmond,VA,2015,220289,104793,115496,22.1,21.8,15.4,10.9,12.2,17.4,"Richmond, VA"
Richmond,VA,2016,223170,106262,116908,22.6,20.8,15.8,10.7,12.0,18.3,"Richmond, VA"
Richmond,VA,2017,227032,107065,119967,21.8,20.6,16.0,11.0,12.5,18.2,"Richmond, VA"
Richmond,VA,2018,228783,107729,121054,21.1,20.6,16.8,10.4,12.0,19.1,"Richmond, VA"
Virginia Beach,VA,2010,439172,214873,224299,26.7,16.4,13.5,14.7,12.9,15.7,"Virginia Beach, VA"
Virginia Beach,VA,2011,442707,217227,225480,26.1,16.9,13.6,14.2,13.0,16.1,"Virginia Beach, VA"
Virginia Beach,VA,2012,447021,219367,227654,25.8,16.799999999999994,13.9,13.7,13.6,16.2,"Virginia Beach, VA"
Virginia Beach,VA,2013,448479,220447,228032,25.5,16.7,14.2,13.3,13.4,16.8,"Virginia Beach, VA"
Virginia Beach,VA,2014,450980,221987,228993,25.5,16.4,14.3,13.0,13.2,17.6,"Virginia Beach, VA"
Virginia Beach,VA,2015,452745,222684,230061,24.700000000000006,16.700000000000006,14.9,12.3,13.7,17.6,"Virginia Beach, VA"
Virginia Beach,VA,2016,452602,222398,230204,24.8,16.0,14.8,12.6,13.0,18.8,"Virginia Beach, VA"
Virginia Beach,VA,2017,450435,221666,228769,24.4,16.0,15.0,12.2,12.4,19.9,"Virginia Beach, VA"
Virginia Beach,VA,2018,450189,221277,228912,24.1,15.8,14.5,12.7,12.9,19.9,"Virginia Beach, VA"
Seattle,WA,2010,610710,302316,308394,18.8,19.9,17.4,14.7,13.6,15.6,"Seattle, WA"
Seattle,WA,2011,620778,309128,311650,18.7,19.700000000000006,18.6,14.0,11.9,16.9,"Seattle, WA"
Seattle,WA,2012,634541,313386,321155,17.9,20.4,18.3,13.9,12.7,17.099999999999998,"Seattle, WA"
Seattle,WA,2013,652429,325929,326500,17.8,20.3,18.6,14.6,11.5,17.2,"Seattle, WA"
Seattle,WA,2014,668337,338781,329556,17.5,20.1,18.700000000000006,14.3,11.6,17.8,"Seattle, WA"
Seattle,WA,2015,684443,345659,338784,17.1,20.9,18.8,14.1,12.1,17.099999999999998,"Seattle, WA"
Seattle,WA,2016,704358,354197,350161,17.900000000000006,21.3,18.2,13.7,11.1,17.799999999999994,"Seattle, WA"
Seattle,WA,2017,724764,360255,364509,18.3,19.7,19.200000000000006,13.7,11.2,18.0,"Seattle, WA"
Seattle,WA,2018,744949,380030,364919,17.5,20.9,19.8,13.1,10.8,17.700000000000006,"Seattle, WA"
Spokane,WA,2010,209334,98976,110358,24.9,15.4,14.5,12.2,12.9,20.1,"Spokane, WA"
Spokane,WA,2011,210107,101677,108430,25.200000000000006,17.6,12.2,13.0,12.8,19.1,"Spokane, WA"
Spokane,WA,2012,209504,102984,106520,25.1,16.9,13.4,11.1,13.2,20.4,"Spokane, WA"
Spokane,WA,2013,210722,104398,106324,24.1,17.6,12.4,12.2,13.0,20.7,"Spokane, WA"
Spokane,WA,2014,212067,103185,108882,24.8,16.1,14.0,11.9,13.6,19.5,"Spokane, WA"
Spokane,WA,2015,213267,102756,110511,23.9,16.3,14.4,11.0,12.6,21.9,"Spokane, WA"
Spokane,WA,2016,215964,105039,110925,26.3,15.1,14.8,11.3,12.0,20.9,"Spokane, WA"
Spokane,WA,2017,217096,107378,109718,24.4,16.0,14.2,11.2,12.0,22.1,"Spokane, WA"
Spokane,WA,2018,219197,107750,111447,23.2,16.6,15.1,10.7,12.3,21.9,"Spokane, WA"
Madison,WI,2010,233777,115744,118033,23.1,25.5,14.7,11.0,11.6,13.999999999999998,"Madison, WI"
Madison,WI,2011,236889,115647,121242,23.700000000000006,25.1,15.0,11.4,10.9,13.8,"Madison, WI"
Madison,WI,2012,240315,120240,120075,23.8,25.8,14.5,11.0,10.8,14.2,"Madison, WI"
Madison,WI,2013,243337,120435,122902,22.1,25.3,15.7,11.3,10.6,15.3,"Madison, WI"
Madison,WI,2014,245674,119983,125691,22.7,24.7,15.6,10.3,10.5,16.3,"Madison, WI"
Madison,WI,2015,248956,122596,126360,22.1,26.6,15.5,10.4,9.7,15.7,"Madison, WI"
Madison,WI,2016,252557,123627,128930,21.2,26.4,16.0,10.1,10.2,16.2,"Madison, WI"
Madison,WI,2017,255239,127414,127825,20.8,26.5,16.1,10.2,8.7,17.700000000000006,"Madison, WI"
Madison,WI,2018,258034,127328,130706,21.9,27.0,14.8,10.5,8.899999999999997,16.9,"Madison, WI"
Milwaukee,WI,2010,595587,286670,308917,30.6,18.4,14.1,12.1,11.9,13.0,"Milwaukee, WI"
Milwaukee,WI,2011,597884,286738,311146,30.0,18.3,14.0,12.2,11.8,13.6,"Milwaukee, WI"
Milwaukee,WI,2012,598920,287906,311014,30.7,18.3,14.1,12.2,11.4,13.3,"Milwaukee, WI"
Milwaukee,WI,2013,599168,288604,310564,29.9,18.2,13.9,11.9,11.8,14.3,"Milwaukee, WI"
Milwaukee,WI,2014,599653,290147,309506,29.4,18.3,13.8,12.1,11.4,15.1,"Milwaukee, WI"
Milwaukee,WI,2015,600154,286315,313839,29.4,17.9,14.1,11.9,12.0,14.599999999999998,"Milwaukee, WI"
Milwaukee,WI,2016,595070,286000,309070,29.8,18.200000000000006,14.5,11.5,11.7,14.4,"Milwaukee, WI"
Milwaukee,WI,2017,595365,285279,310086,29.1,17.9,14.5,11.1,11.5,15.9,"Milwaukee, WI"
Milwaukee,WI,2018,592002,287293,304709,29.3,18.1,14.8,10.8,10.5,16.4,"Milwaukee, WI"
